sample,time_sec,mlII,v5
0,0.0,995,1011
1,0.002778,1011,995
2,0.005556,995,1011
3,0.008333,1011,995
4,0.011111,995,1011
5,0.013889,1011,995
6,0.016667,995,1011
7,0.019444,1011,995
8,0.022222,995,1011
9,0.025,1011,995
10,0.027778,995,1011
11,0.030556,1011,995
12,0.033333,995,1011
13,0.036111,1011,995
14,0.038889,995,1011
15,0.041667,1011,995
16,0.044444,1000,1008
17,0.047222,1008,1000
18,0.05,997,1008
19,0.052778,1008,997
20,0.055556,995,1007
21,0.058333,1007,995
22,0.061111,994,1007
23,0.063889,1007,994
24,0.066667,992,1009
25,0.069444,1009,992
26,0.072222,993,1010
27,0.075,1010,993
28,0.077778,992,1010
29,0.080556,1010,992
30,0.083333,989,1011
31,0.086111,1011,989
32,0.088889,988,1013
33,0.091667,1013,988
34,0.094444,987,1014
35,0.097222,1014,987
36,0.1,990,1014
37,0.102778,1014,990
38,0.105556,993,1016
39,0.108333,1016,993
40,0.111111,989,1016
41,0.113889,1016,989
42,0.116667,988,1013
43,0.119444,1013,988
44,0.122222,986,1009
45,0.125,1009,986
46,0.127778,988,1008
47,0.130556,1008,988
48,0.133333,993,1007
49,0.136111,1007,993
50,0.138889,997,1010
51,0.141667,1010,997
52,0.144444,993,1008
53,0.147222,1008,993
54,0.15,986,1008
55,0.152778,1008,986
56,0.155556,983,1006
57,0.158333,1006,983
58,0.161111,977,1005
59,0.163889,1005,977
60,0.166667,979,1006
61,0.169444,1006,979
62,0.172222,975,1005
63,0.175,1005,975
64,0.177778,974,1002
65,0.180556,1002,974
66,0.183333,972,1000
67,0.186111,1000,972
68,0.188889,969,995
69,0.191667,995,969
70,0.194444,969,997
71,0.197222,997,969
72,0.2,969,1003
73,0.202778,1003,969
74,0.205556,971,1005
75,0.208333,1005,971
76,0.211111,973,1003
77,0.213889,1003,973
78,0.216667,971,1000
79,0.219444,1000,971
80,0.222222,969,997
81,0.225,997,969
82,0.227778,966,999
83,0.230556,999,966
84,0.233333,966,999
85,0.236111,999,966
86,0.238889,966,1001
87,0.241667,1001,966
88,0.244444,966,1001
89,0.247222,1001,966
90,0.25,967,999
91,0.252778,999,967
92,0.255556,965,996
93,0.258333,996,965
94,0.261111,963,996
95,0.263889,996,963
96,0.266667,967,998
97,0.269444,998,967
98,0.272222,969,999
99,0.275,999,969
100,0.277778,969,996
101,0.280556,996,969
102,0.283333,968,995
103,0.286111,995,968
104,0.288889,967,994
105,0.291667,994,967
106,0.294444,963,994
107,0.297222,994,963
108,0.3,966,998
109,0.302778,998,966
110,0.305556,964,1001
111,0.308333,1001,964
112,0.311111,968,999
113,0.313889,999,968
114,0.316667,966,997
115,0.319444,997,966
116,0.322222,964,992
117,0.325,992,964
118,0.327778,961,985
119,0.330556,985,961
120,0.333333,960,984
121,0.336111,984,960
122,0.338889,957,983
123,0.341667,983,957
124,0.344444,952,979
125,0.347222,979,952
126,0.35,947,973
127,0.352778,973,947
128,0.355556,947,964
129,0.358333,964,947
130,0.361111,943,966
131,0.363889,966,943
132,0.366667,933,977
133,0.369444,977,933
134,0.372222,927,998
135,0.375,998,927
136,0.377778,927,1017
137,0.380556,1017,927
138,0.383333,939,1034
139,0.386111,1034,939
140,0.388889,958,1048
141,0.391667,1048,958
142,0.394444,980,1064
143,0.397222,1064,980
144,0.4,1010,1086
145,0.402778,1086,1010
146,0.405556,1048,1111
147,0.408333,1111,1048
148,0.411111,1099,1131
149,0.413889,1131,1099
150,0.416667,1148,1140
151,0.419444,1140,1148
152,0.422222,1180,1119
153,0.425,1119,1180
154,0.427778,1192,1066
155,0.430556,1066,1192
156,0.433333,1177,1007
157,0.436111,1007,1177
158,0.438889,1128,978
159,0.441667,978,1128
160,0.444444,1058,974
161,0.447222,974,1058
162,0.45,991,981
163,0.452778,981,991
164,0.455556,951,988
165,0.458333,988,951
166,0.461111,937,987
167,0.463889,987,937
168,0.466667,939,992
169,0.469444,992,939
170,0.472222,950,994
171,0.475,994,950
172,0.477778,958,994
173,0.480556,994,958
174,0.483333,959,988
175,0.486111,988,959
176,0.488889,957,988
177,0.491667,988,957
178,0.494444,955,992
179,0.497222,992,955
180,0.5,958,991
181,0.502778,991,958
182,0.505556,959,990
183,0.508333,990,959
184,0.511111,961,991
185,0.513889,991,961
186,0.516667,962,987
187,0.519444,987,962
188,0.522222,960,987
189,0.525,987,960
190,0.527778,957,987
191,0.530556,987,957
192,0.533333,956,990
193,0.536111,990,956
194,0.538889,959,992
195,0.541667,992,959
196,0.544444,955,993
197,0.547222,993,955
198,0.55,957,989
199,0.552778,989,957
200,0.555556,958,985
201,0.558333,985,958
202,0.561111,957,987
203,0.563889,987,957
204,0.566667,958,987
205,0.569444,987,958
206,0.572222,959,989
207,0.575,989,959
208,0.577778,958,989
209,0.580556,989,958
210,0.583333,958,985
211,0.586111,985,958
212,0.588889,955,986
213,0.591667,986,955
214,0.594444,953,988
215,0.597222,988,953
216,0.6,957,991
217,0.602778,991,957
218,0.605556,959,990
219,0.608333,990,959
220,0.611111,963,990
221,0.613889,990,963
222,0.616667,960,990
223,0.619444,990,960
224,0.622222,960,986
225,0.625,986,960
226,0.627778,958,987
227,0.630556,987,958
228,0.633333,956,988
229,0.636111,988,956
230,0.638889,957,990
231,0.641667,990,957
232,0.644444,956,989
233,0.647222,989,956
234,0.65,955,986
235,0.652778,986,955
236,0.655556,953,984
237,0.658333,984,953
238,0.661111,953,985
239,0.663889,985,953
240,0.666667,956,987
241,0.669444,987,956
242,0.672222,958,990
243,0.675,990,958
244,0.677778,958,990
245,0.680556,990,958
246,0.683333,958,987
247,0.686111,987,958
248,0.688889,956,985
249,0.691667,985,956
250,0.694444,954,989
251,0.697222,989,954
252,0.7,959,984
253,0.702778,984,959
254,0.705556,959,987
255,0.708333,987,959
256,0.711111,958,988
257,0.713889,988,958
258,0.716667,958,987
259,0.719444,987,958
260,0.722222,957,983
261,0.725,983,957
262,0.727778,957,986
263,0.730556,986,957
264,0.733333,956,988
265,0.736111,988,956
266,0.738889,958,987
267,0.741667,987,958
268,0.744444,956,984
269,0.747222,984,956
270,0.75,954,981
271,0.752778,981,954
272,0.755556,953,983
273,0.758333,983,953
274,0.761111,954,982
275,0.763889,982,954
276,0.766667,955,984
277,0.769444,984,955
278,0.772222,958,987
279,0.775,987,958
280,0.777778,960,983
281,0.780556,983,960
282,0.783333,957,984
283,0.786111,984,957
284,0.788889,958,982
285,0.791667,982,958
286,0.794444,955,983
287,0.797222,983,955
288,0.8,958,987
289,0.802778,987,958
290,0.805556,957,987
291,0.808333,987,957
292,0.811111,957,984
293,0.813889,984,957
294,0.816667,955,981
295,0.819444,981,955
296,0.822222,955,979
297,0.825,979,955
298,0.827778,953,980
299,0.830556,980,953
300,0.833333,956,984
301,0.836111,984,956
302,0.838889,956,984
303,0.841667,984,956
304,0.844444,957,981
305,0.847222,981,957
306,0.85,958,979
307,0.852778,979,958
308,0.855556,954,977
309,0.858333,977,954
310,0.861111,954,975
311,0.863889,975,954
312,0.866667,955,976
313,0.869444,976,955
314,0.872222,957,976
315,0.875,976,957
316,0.877778,957,976
317,0.880556,976,957
318,0.883333,957,975
319,0.886111,975,957
320,0.888889,954,972
321,0.891667,972,954
322,0.894444,953,972
323,0.897222,972,953
324,0.9,953,971
325,0.902778,971,953
326,0.905556,955,971
327,0.908333,971,955
328,0.911111,955,968
329,0.913889,968,955
330,0.916667,957,967
331,0.919444,967,957
332,0.922222,954,965
333,0.925,965,954
334,0.927778,952,965
335,0.930556,965,952
336,0.933333,952,964
337,0.936111,964,952
338,0.938889,952,966
339,0.941667,966,952
340,0.944444,951,964
341,0.947222,964,951
342,0.95,952,961
343,0.952778,961,952
344,0.955556,950,961
345,0.958333,961,950
346,0.961111,947,961
347,0.963889,961,947
348,0.966667,950,961
349,0.969444,961,950
350,0.972222,952,962
351,0.975,962,952
352,0.977778,953,962
353,0.980556,962,953
354,0.983333,952,959
355,0.986111,959,952
356,0.988889,949,958
357,0.991667,958,949
358,0.994444,949,959
359,0.997222,959,949
360,1.0,951,961
361,1.002778,961,951
362,1.005556,951,963
363,1.008333,963,951
364,1.011111,952,963
365,1.013889,963,952
366,1.016667,952,966
367,1.019444,966,952
368,1.022222,951,966
369,1.025,966,951
370,1.027778,950,969
371,1.030556,969,950
372,1.033333,953,970
373,1.036111,970,953
374,1.038889,958,975
375,1.041667,975,958
376,1.044444,959,976
377,1.047222,976,959
378,1.05,959,974
379,1.052778,974,959
380,1.055556,957,974
381,1.058333,974,957
382,1.061111,956,977
383,1.063889,977,956
384,1.066667,961,980
385,1.069444,980,961
386,1.072222,964,985
387,1.075,985,964
388,1.077778,964,986
389,1.080556,986,964
390,1.083333,966,986
391,1.086111,986,966
392,1.088889,965,986
393,1.091667,986,965
394,1.094444,966,988
395,1.097222,988,966
396,1.1,967,992
397,1.102778,992,967
398,1.105556,969,995
399,1.108333,995,969
400,1.111111,973,994
401,1.113889,994,973
402,1.116667,974,992
403,1.119444,992,974
404,1.122222,974,992
405,1.125,992,974
406,1.127778,971,993
407,1.130556,993,971
408,1.133333,973,995
409,1.136111,995,973
410,1.138889,975,996
411,1.141667,996,975
412,1.144444,978,992
413,1.147222,992,978
414,1.15,975,994
415,1.152778,994,975
416,1.155556,975,989
417,1.158333,989,975
418,1.161111,973,990
419,1.163889,990,973
420,1.166667,973,992
421,1.169444,992,973
422,1.172222,976,992
423,1.175,992,976
424,1.177778,974,994
425,1.180556,994,974
426,1.183333,973,993
427,1.186111,993,973
428,1.188889,975,992
429,1.191667,992,975
430,1.194444,973,990
431,1.197222,990,973
432,1.2,974,993
433,1.202778,993,974
434,1.205556,974,993
435,1.208333,993,974
436,1.211111,971,994
437,1.213889,994,971
438,1.216667,972,991
439,1.219444,991,972
440,1.222222,972,989
441,1.225,989,972
442,1.227778,971,991
443,1.230556,991,971
444,1.233333,970,991
445,1.236111,991,970
446,1.238889,971,992
447,1.241667,992,971
448,1.244444,972,992
449,1.247222,992,972
450,1.25,969,988
451,1.252778,988,969
452,1.255556,968,989
453,1.258333,989,968
454,1.261111,966,987
455,1.263889,987,966
456,1.266667,969,991
457,1.269444,991,969
458,1.272222,970,994
459,1.275,994,970
460,1.277778,972,994
461,1.280556,994,972
462,1.283333,968,990
463,1.286111,990,968
464,1.288889,968,987
465,1.291667,987,968
466,1.294444,967,985
467,1.297222,985,967
468,1.3,969,986
469,1.302778,986,969
470,1.305556,969,986
471,1.308333,986,969
472,1.311111,971,987
473,1.313889,987,971
474,1.316667,970,986
475,1.319444,986,970
476,1.322222,967,982
477,1.325,982,967
478,1.327778,966,985
479,1.330556,985,966
480,1.333333,968,986
481,1.336111,986,968
482,1.338889,969,988
483,1.341667,988,969
484,1.344444,967,983
485,1.347222,983,967
486,1.35,968,981
487,1.352778,981,968
488,1.355556,964,979
489,1.358333,979,964
490,1.361111,964,982
491,1.363889,982,964
492,1.366667,963,983
493,1.369444,983,963
494,1.372222,965,985
495,1.375,985,965
496,1.377778,964,984
497,1.380556,984,964
498,1.383333,962,985
499,1.386111,985,962
500,1.388889,962,982
501,1.391667,982,962
502,1.394444,963,981
503,1.397222,981,963
504,1.4,965,983
505,1.402778,983,965
506,1.405556,967,987
507,1.408333,987,967
508,1.411111,967,985
509,1.413889,985,967
510,1.416667,966,985
511,1.419444,985,966
512,1.422222,965,980
513,1.425,980,965
514,1.427778,962,980
515,1.430556,980,962
516,1.433333,966,982
517,1.436111,982,966
518,1.438889,965,981
519,1.441667,981,965
520,1.444444,964,980
521,1.447222,980,964
522,1.45,963,980
523,1.452778,980,963
524,1.455556,962,979
525,1.458333,979,962
526,1.461111,959,982
527,1.463889,982,959
528,1.466667,962,984
529,1.469444,984,962
530,1.472222,964,982
531,1.475,982,964
532,1.477778,966,979
533,1.480556,979,966
534,1.483333,962,978
535,1.486111,978,962
536,1.488889,959,979
537,1.491667,979,959
538,1.494444,958,980
539,1.497222,980,958
540,1.5,961,978
541,1.502778,978,961
542,1.505556,964,982
543,1.508333,982,964
544,1.511111,963,981
545,1.513889,981,963
546,1.516667,962,981
547,1.519444,981,962
548,1.522222,960,978
549,1.525,978,960
550,1.527778,958,981
551,1.530556,981,958
552,1.533333,959,980
553,1.536111,980,959
554,1.538889,961,983
555,1.541667,983,961
556,1.544444,962,983
557,1.547222,983,962
558,1.55,963,982
559,1.552778,982,963
560,1.555556,963,981
561,1.558333,981,963
562,1.561111,962,979
563,1.563889,979,962
564,1.566667,964,981
565,1.569444,981,964
566,1.572222,963,981
567,1.575,981,963
568,1.577778,966,981
569,1.580556,981,966
570,1.583333,964,979
571,1.586111,979,964
572,1.588889,964,979
573,1.591667,979,964
574,1.594444,963,979
575,1.597222,979,963
576,1.6,963,983
577,1.602778,983,963
578,1.605556,966,985
579,1.608333,985,966
580,1.611111,968,982
581,1.613889,982,968
582,1.616667,965,982
583,1.619444,982,965
584,1.622222,963,981
585,1.625,981,963
586,1.627778,961,977
587,1.630556,977,961
588,1.633333,963,978
589,1.636111,978,963
590,1.638889,965,980
591,1.641667,980,965
592,1.644444,966,980
593,1.647222,980,966
594,1.65,968,978
595,1.652778,978,968
596,1.655556,970,979
597,1.658333,979,970
598,1.661111,969,978
599,1.663889,978,969
600,1.666667,969,981
601,1.669444,981,969
602,1.672222,970,985
603,1.675,985,970
604,1.677778,974,985
605,1.680556,985,974
606,1.683333,974,986
607,1.686111,986,974
608,1.688889,973,984
609,1.691667,984,973
610,1.694444,979,985
611,1.697222,985,979
612,1.7,980,988
613,1.702778,988,980
614,1.705556,983,990
615,1.708333,990,983
616,1.711111,984,988
617,1.713889,988,984
618,1.716667,983,989
619,1.719444,989,983
620,1.722222,981,985
621,1.725,985,981
622,1.727778,978,985
623,1.730556,985,978
624,1.733333,980,990
625,1.736111,990,980
626,1.738889,979,989
627,1.741667,989,979
628,1.744444,979,989
629,1.747222,989,979
630,1.75,979,988
631,1.752778,988,979
632,1.755556,978,987
633,1.758333,987,978
634,1.761111,977,987
635,1.763889,987,977
636,1.766667,976,989
637,1.769444,989,976
638,1.772222,977,989
639,1.775,989,977
640,1.777778,980,989
641,1.780556,989,980
642,1.783333,982,986
643,1.786111,986,982
644,1.788889,983,983
645,1.791667,983,983
646,1.794444,975,984
647,1.797222,984,975
648,1.8,967,983
649,1.802778,983,967
650,1.805556,967,983
651,1.808333,983,967
652,1.811111,964,981
653,1.813889,981,964
654,1.816667,962,981
655,1.819444,981,962
656,1.822222,958,979
657,1.825,979,958
658,1.827778,958,981
659,1.830556,981,958
660,1.833333,959,982
661,1.836111,982,959
662,1.838889,961,984
663,1.841667,984,961
664,1.844444,960,981
665,1.847222,981,960
666,1.85,961,979
667,1.852778,979,961
668,1.855556,959,975
669,1.858333,975,959
670,1.861111,956,975
671,1.863889,975,956
672,1.866667,955,974
673,1.869444,974,955
674,1.872222,956,979
675,1.875,979,956
676,1.877778,956,978
677,1.880556,978,956
678,1.883333,954,977
679,1.886111,977,954
680,1.888889,955,976
681,1.891667,976,955
682,1.894444,953,977
683,1.897222,977,953
684,1.9,958,977
685,1.902778,977,958
686,1.905556,957,980
687,1.908333,980,957
688,1.911111,958,978
689,1.913889,978,958
690,1.916667,960,976
691,1.919444,976,960
692,1.922222,955,976
693,1.925,976,955
694,1.927778,953,975
695,1.930556,975,953
696,1.933333,956,979
697,1.936111,979,956
698,1.938889,958,979
699,1.941667,979,958
700,1.944444,959,977
701,1.947222,977,959
702,1.95,958,974
703,1.952778,974,958
704,1.955556,954,970
705,1.958333,970,954
706,1.961111,951,968
707,1.963889,968,951
708,1.966667,952,966
709,1.969444,966,952
710,1.972222,948,964
711,1.975,964,948
712,1.977778,939,958
713,1.980556,958,939
714,1.983333,935,952
715,1.986111,952,935
716,1.988889,929,953
717,1.991667,953,929
718,1.994444,922,963
719,1.997222,963,922
720,2.0,917,983
721,2.002778,983,917
722,2.005556,923,1008
723,2.008333,1008,923
724,2.011111,941,1027
725,2.013889,1027,941
726,2.016667,964,1037
727,2.019444,1037,964
728,2.022222,992,1047
729,2.025,1047,992
730,2.027778,1021,1062
731,2.030556,1062,1021
732,2.033333,1071,1084
733,2.036111,1084,1071
734,2.038889,1122,1106
735,2.041667,1106,1122
736,2.044444,1168,1123
737,2.047222,1123,1168
738,2.05,1199,1121
739,2.052778,1121,1199
740,2.055556,1212,1096
741,2.058333,1096,1212
742,2.061111,1205,1045
743,2.063889,1045,1205
744,2.066667,1175,991
745,2.069444,991,1175
746,2.072222,1122,954
747,2.075,954,1122
748,2.077778,1057,934
749,2.080556,934,1057
750,2.083333,1002,930
751,2.086111,930,1002
752,2.088889,970,934
753,2.091667,934,970
754,2.094444,946,945
755,2.097222,945,946
756,2.1,934,955
757,2.102778,955,934
758,2.105556,929,962
759,2.108333,962,929
760,2.111111,933,965
761,2.113889,965,933
762,2.116667,939,967
763,2.119444,967,939
764,2.122222,946,965
765,2.125,965,946
766,2.127778,946,965
767,2.130556,965,946
768,2.133333,947,968
769,2.136111,968,947
770,2.138889,946,967
771,2.141667,967,946
772,2.144444,948,967
773,2.147222,967,948
774,2.15,948,967
775,2.152778,967,948
776,2.155556,948,966
777,2.158333,966,948
778,2.161111,945,969
779,2.163889,969,945
780,2.166667,947,969
781,2.169444,969,947
782,2.172222,947,969
783,2.175,969,947
784,2.177778,947,970
785,2.180556,970,947
786,2.183333,949,967
787,2.186111,967,949
788,2.188889,945,965
789,2.191667,965,945
790,2.194444,942,966
791,2.197222,966,942
792,2.2,942,969
793,2.202778,969,942
794,2.205556,944,971
795,2.208333,971,944
796,2.211111,945,971
797,2.213889,971,945
798,2.216667,946,969
799,2.219444,969,946
800,2.222222,943,965
801,2.225,965,943
802,2.227778,945,966
803,2.230556,966,945
804,2.233333,947,967
805,2.236111,967,947
806,2.238889,949,970
807,2.241667,970,949
808,2.244444,946,971
809,2.247222,971,946
810,2.25,946,969
811,2.252778,969,946
812,2.255556,943,968
813,2.258333,968,943
814,2.261111,942,968
815,2.263889,968,942
816,2.266667,942,970
817,2.269444,970,942
818,2.272222,946,971
819,2.275,971,946
820,2.277778,946,970
821,2.280556,970,946
822,2.283333,945,970
823,2.286111,970,945
824,2.288889,943,968
825,2.291667,968,943
826,2.294444,941,970
827,2.297222,970,941
828,2.3,944,971
829,2.302778,971,944
830,2.305556,942,971
831,2.308333,971,942
832,2.311111,943,971
833,2.313889,971,943
834,2.316667,942,970
835,2.319444,970,942
836,2.322222,941,967
837,2.325,967,941
838,2.327778,942,967
839,2.330556,967,942
840,2.333333,944,971
841,2.336111,971,944
842,2.338889,944,971
843,2.341667,971,944
844,2.344444,945,973
845,2.347222,973,945
846,2.35,946,969
847,2.352778,969,946
848,2.355556,943,969
849,2.358333,969,943
850,2.361111,942,968
851,2.363889,968,942
852,2.366667,946,970
853,2.369444,970,946
854,2.372222,946,971
855,2.375,971,946
856,2.377778,947,969
857,2.380556,969,947
858,2.383333,947,967
859,2.386111,967,947
860,2.388889,942,968
861,2.391667,968,942
862,2.394444,943,968
863,2.397222,968,943
864,2.4,945,969
865,2.402778,969,945
866,2.405556,946,969
867,2.408333,969,946
868,2.411111,949,969
869,2.413889,969,949
870,2.416667,946,967
871,2.419444,967,946
872,2.422222,945,965
873,2.425,965,945
874,2.427778,942,965
875,2.430556,965,942
876,2.433333,944,969
877,2.436111,969,944
878,2.438889,946,969
879,2.441667,969,946
880,2.444444,946,967
881,2.447222,967,946
882,2.45,947,966
883,2.452778,966,947
884,2.455556,943,961
885,2.458333,961,943
886,2.461111,941,961
887,2.463889,961,941
888,2.466667,941,963
889,2.469444,963,941
890,2.472222,944,966
891,2.475,966,944
892,2.477778,945,962
893,2.480556,962,945
894,2.483333,943,960
895,2.486111,960,943
896,2.488889,941,960
897,2.491667,960,941
898,2.494444,940,957
899,2.497222,957,940
900,2.5,940,958
901,2.502778,958,940
902,2.505556,942,959
903,2.508333,959,942
904,2.511111,941,955
905,2.513889,955,941
906,2.516667,939,954
907,2.519444,954,939
908,2.522222,940,951
909,2.525,951,940
910,2.527778,937,950
911,2.530556,950,937
912,2.533333,938,953
913,2.536111,953,938
914,2.538889,938,952
915,2.541667,952,938
916,2.544444,940,950
917,2.547222,950,940
918,2.55,938,946
919,2.552778,946,938
920,2.555556,934,945
921,2.558333,945,934
922,2.561111,933,944
923,2.563889,944,933
924,2.566667,934,946
925,2.569444,946,934
926,2.572222,937,947
927,2.575,947,937
928,2.577778,935,946
929,2.580556,946,935
930,2.583333,934,944
931,2.586111,944,934
932,2.588889,933,942
933,2.591667,942,933
934,2.594444,930,940
935,2.597222,940,930
936,2.6,932,943
937,2.602778,943,932
938,2.605556,933,942
939,2.608333,942,933
940,2.611111,934,942
941,2.613889,942,934
942,2.616667,933,944
943,2.619444,944,933
944,2.622222,930,943
945,2.625,943,930
946,2.627778,929,946
947,2.630556,946,929
948,2.633333,932,947
949,2.636111,947,932
950,2.638889,934,951
951,2.641667,951,934
952,2.644444,935,953
953,2.647222,953,935
954,2.65,936,955
955,2.652778,955,936
956,2.655556,937,953
957,2.658333,953,937
958,2.661111,936,958
959,2.663889,958,936
960,2.666667,942,965
961,2.669444,965,942
962,2.672222,945,969
963,2.675,969,945
964,2.677778,950,970
965,2.680556,970,950
966,2.683333,951,972
967,2.686111,972,951
968,2.688889,952,971
969,2.691667,971,952
970,2.694444,951,971
971,2.697222,971,951
972,2.7,956,975
973,2.702778,975,956
974,2.705556,959,979
975,2.708333,979,959
976,2.711111,961,982
977,2.713889,982,961
978,2.716667,960,981
979,2.719444,981,960
980,2.722222,958,981
981,2.725,981,958
982,2.727778,958,983
983,2.730556,983,958
984,2.733333,960,985
985,2.736111,985,960
986,2.738889,962,987
987,2.741667,987,962
988,2.744444,964,987
989,2.747222,987,964
990,2.75,964,985
991,2.752778,985,964
992,2.755556,960,985
993,2.758333,985,960
994,2.761111,960,985
995,2.763889,985,960
996,2.766667,961,987
997,2.769444,987,961
998,2.772222,963,990
999,2.775,990,963
1000,2.777778,963,987
1001,2.780556,987,963
1002,2.783333,965,985
1003,2.786111,985,965
1004,2.788889,960,985
1005,2.791667,985,960
1006,2.794444,958,985
1007,2.797222,985,958
1008,2.8,963,987
1009,2.802778,987,963
1010,2.805556,962,989
1011,2.808333,989,962
1012,2.811111,964,989
1013,2.813889,989,964
1014,2.816667,964,987
1015,2.819444,987,964
1016,2.822222,960,985
1017,2.825,985,960
1018,2.827778,959,985
1019,2.830556,985,959
1020,2.833333,962,985
1021,2.836111,985,962
1022,2.838889,963,988
1023,2.841667,988,963
1024,2.844444,961,987
1025,2.847222,987,961
1026,2.85,963,986
1027,2.852778,986,963
1028,2.855556,961,985
1029,2.858333,985,961
1030,2.861111,961,985
1031,2.863889,985,961
1032,2.866667,962,986
1033,2.869444,986,962
1034,2.872222,965,987
1035,2.875,987,965
1036,2.877778,966,987
1037,2.880556,987,966
1038,2.883333,963,986
1039,2.886111,986,963
1040,2.888889,962,984
1041,2.891667,984,962
1042,2.894444,960,981
1043,2.897222,981,960
1044,2.9,961,985
1045,2.902778,985,961
1046,2.905556,964,987
1047,2.908333,987,964
1048,2.911111,961,987
1049,2.913889,987,961
1050,2.916667,961,987
1051,2.919444,987,961
1052,2.922222,961,984
1053,2.925,984,961
1054,2.927778,958,983
1055,2.930556,983,958
1056,2.933333,961,986
1057,2.936111,986,961
1058,2.938889,960,986
1059,2.941667,986,960
1060,2.944444,961,984
1061,2.947222,984,961
1062,2.95,959,984
1063,2.952778,984,959
1064,2.955556,957,985
1065,2.958333,985,957
1066,2.961111,956,980
1067,2.963889,980,956
1068,2.966667,957,983
1069,2.969444,983,957
1070,2.972222,957,986
1071,2.975,986,957
1072,2.977778,958,984
1073,2.980556,984,958
1074,2.983333,959,980
1075,2.986111,980,959
1076,2.988889,955,978
1077,2.991667,978,955
1078,2.994444,954,982
1079,2.997222,982,954
1080,3.0,955,983
1081,3.002778,983,955
1082,3.005556,957,984
1083,3.008333,984,957
1084,3.011111,958,985
1085,3.013889,985,958
1086,3.016667,958,980
1087,3.019444,980,958
1088,3.022222,955,979
1089,3.025,979,955
1090,3.027778,955,979
1091,3.030556,979,955
1092,3.033333,955,981
1093,3.036111,981,955
1094,3.038889,960,983
1095,3.041667,983,960
1096,3.044444,958,983
1097,3.047222,983,958
1098,3.05,957,981
1099,3.052778,981,957
1100,3.055556,956,979
1101,3.058333,979,956
1102,3.061111,953,980
1103,3.063889,980,953
1104,3.066667,957,979
1105,3.069444,979,957
1106,3.072222,958,985
1107,3.075,985,958
1108,3.077778,958,981
1109,3.080556,981,958
1110,3.083333,957,980
1111,3.086111,980,957
1112,3.088889,953,981
1113,3.091667,981,953
1114,3.094444,952,979
1115,3.097222,979,952
1116,3.1,953,981
1117,3.102778,981,953
1118,3.105556,954,982
1119,3.108333,982,954
1120,3.111111,956,982
1121,3.113889,982,956
1122,3.116667,955,979
1123,3.119444,979,955
1124,3.122222,955,978
1125,3.125,978,955
1126,3.127778,955,980
1127,3.130556,980,955
1128,3.133333,955,982
1129,3.136111,982,955
1130,3.138889,958,983
1131,3.141667,983,958
1132,3.144444,958,984
1133,3.147222,984,958
1134,3.15,957,983
1135,3.152778,983,957
1136,3.155556,955,980
1137,3.158333,980,955
1138,3.161111,954,978
1139,3.163889,978,954
1140,3.166667,954,981
1141,3.169444,981,954
1142,3.172222,956,983
1143,3.175,983,956
1144,3.177778,958,984
1145,3.180556,984,958
1146,3.183333,955,978
1147,3.186111,978,955
1148,3.188889,955,980
1149,3.191667,980,955
1150,3.194444,953,981
1151,3.197222,981,953
1152,3.2,954,983
1153,3.202778,983,954
1154,3.205556,956,984
1155,3.208333,984,956
1156,3.211111,958,983
1157,3.213889,983,958
1158,3.216667,956,980
1159,3.219444,980,956
1160,3.222222,956,980
1161,3.225,980,956
1162,3.227778,956,979
1163,3.230556,979,956
1164,3.233333,958,983
1165,3.236111,983,958
1166,3.238889,957,984
1167,3.241667,984,957
1168,3.244444,958,984
1169,3.247222,984,958
1170,3.25,957,982
1171,3.252778,982,957
1172,3.255556,955,978
1173,3.258333,978,955
1174,3.261111,955,981
1175,3.263889,981,955
1176,3.266667,956,984
1177,3.269444,984,956
1178,3.272222,958,984
1179,3.275,984,958
1180,3.277778,961,983
1181,3.280556,983,961
1182,3.283333,965,982
1183,3.286111,982,965
1184,3.288889,964,981
1185,3.291667,981,964
1186,3.294444,965,980
1187,3.297222,980,965
1188,3.3,967,983
1189,3.302778,983,967
1190,3.305556,969,984
1191,3.308333,984,969
1192,3.311111,971,985
1193,3.313889,985,971
1194,3.316667,971,983
1195,3.319444,983,971
1196,3.322222,971,983
1197,3.325,983,971
1198,3.327778,973,983
1199,3.330556,983,973
1200,3.333333,974,988
1201,3.336111,988,974
1202,3.338889,976,990
1203,3.341667,990,976
1204,3.344444,979,986
1205,3.347222,986,979
1206,3.35,981,986
1207,3.352778,986,981
1208,3.355556,976,984
1209,3.358333,984,976
1210,3.361111,975,987
1211,3.363889,987,975
1212,3.366667,976,991
1213,3.369444,991,976
1214,3.372222,975,995
1215,3.375,995,975
1216,3.377778,977,995
1217,3.380556,995,977
1218,3.383333,975,990
1219,3.386111,990,975
1220,3.388889,974,989
1221,3.391667,989,974
1222,3.394444,969,990
1223,3.397222,990,969
1224,3.4,969,991
1225,3.402778,991,969
1226,3.405556,971,994
1227,3.408333,994,971
1228,3.411111,974,992
1229,3.413889,992,974
1230,3.416667,979,989
1231,3.419444,989,979
1232,3.422222,980,986
1233,3.425,986,980
1234,3.427778,978,986
1235,3.430556,986,978
1236,3.433333,971,987
1237,3.436111,987,971
1238,3.438889,970,987
1239,3.441667,987,970
1240,3.444444,968,989
1241,3.447222,989,968
1242,3.45,967,985
1243,3.452778,985,967
1244,3.455556,963,981
1245,3.458333,981,963
1246,3.461111,960,983
1247,3.463889,983,960
1248,3.466667,956,984
1249,3.469444,984,956
1250,3.472222,958,985
1251,3.475,985,958
1252,3.477778,957,983
1253,3.480556,983,957
1254,3.483333,957,982
1255,3.486111,982,957
1256,3.488889,953,980
1257,3.491667,980,953
1258,3.494444,950,981
1259,3.497222,981,950
1260,3.5,952,982
1261,3.502778,982,952
1262,3.505556,955,983
1263,3.508333,983,955
1264,3.511111,954,984
1265,3.513889,984,954
1266,3.516667,953,982
1267,3.519444,982,953
1268,3.522222,951,980
1269,3.525,980,951
1270,3.527778,949,980
1271,3.530556,980,949
1272,3.533333,948,980
1273,3.536111,980,948
1274,3.538889,950,984
1275,3.541667,984,950
1276,3.544444,951,983
1277,3.547222,983,951
1278,3.55,951,981
1279,3.552778,981,951
1280,3.555556,948,979
1281,3.558333,979,948
1282,3.561111,947,980
1283,3.563889,980,947
1284,3.566667,948,981
1285,3.569444,981,948
1286,3.572222,949,983
1287,3.575,983,949
1288,3.577778,953,980
1289,3.580556,980,953
1290,3.583333,950,979
1291,3.586111,979,950
1292,3.588889,946,976
1293,3.591667,976,946
1294,3.594444,943,972
1295,3.597222,972,943
1296,3.6,942,968
1297,3.602778,968,942
1298,3.605556,937,964
1299,3.608333,964,937
1300,3.611111,931,955
1301,3.613889,955,931
1302,3.616667,926,949
1303,3.619444,949,926
1304,3.622222,920,955
1305,3.625,955,920
1306,3.627778,913,972
1307,3.630556,972,913
1308,3.633333,910,999
1309,3.636111,999,910
1310,3.638889,919,1029
1311,3.641667,1029,919
1312,3.644444,943,1053
1313,3.647222,1053,943
1314,3.65,974,1076
1315,3.652778,1076,974
1316,3.655556,1006,1099
1317,3.658333,1099,1006
1318,3.661111,1048,1125
1319,3.663889,1125,1048
1320,3.666667,1106,1151
1321,3.669444,1151,1106
1322,3.672222,1162,1165
1323,3.675,1165,1162
1324,3.677778,1201,1146
1325,3.680556,1146,1201
1326,3.683333,1216,1088
1327,3.686111,1088,1216
1328,3.688889,1194,1015
1329,3.691667,1015,1194
1330,3.694444,1128,974
1331,3.697222,974,1128
1332,3.7,1034,970
1333,3.702778,970,1034
1334,3.705556,960,976
1335,3.708333,976,960
1336,3.711111,924,976
1337,3.713889,976,924
1338,3.716667,923,974
1339,3.719444,974,923
1340,3.722222,935,973
1341,3.725,973,935
1342,3.727778,941,975
1343,3.730556,975,941
1344,3.733333,945,975
1345,3.736111,975,945
1346,3.738889,946,975
1347,3.741667,975,946
1348,3.744444,945,973
1349,3.747222,973,945
1350,3.75,946,972
1351,3.752778,972,946
1352,3.755556,945,972
1353,3.758333,972,945
1354,3.761111,943,970
1355,3.763889,970,943
1356,3.766667,945,975
1357,3.769444,975,945
1358,3.772222,943,975
1359,3.775,975,943
1360,3.777778,946,974
1361,3.780556,974,946
1362,3.783333,945,971
1363,3.786111,971,945
1364,3.788889,945,970
1365,3.791667,970,945
1366,3.794444,942,970
1367,3.797222,970,942
1368,3.8,943,971
1369,3.802778,971,943
1370,3.805556,944,972
1371,3.808333,972,944
1372,3.811111,944,972
1373,3.813889,972,944
1374,3.816667,941,970
1375,3.819444,970,941
1376,3.822222,943,968
1377,3.825,968,943
1378,3.827778,940,968
1379,3.830556,968,940
1380,3.833333,941,970
1381,3.836111,970,941
1382,3.838889,943,973
1383,3.841667,973,943
1384,3.844444,943,971
1385,3.847222,971,943
1386,3.85,940,968
1387,3.852778,968,940
1388,3.855556,940,966
1389,3.858333,966,940
1390,3.861111,937,969
1391,3.863889,969,937
1392,3.866667,940,971
1393,3.869444,971,940
1394,3.872222,942,973
1395,3.875,973,942
1396,3.877778,942,972
1397,3.880556,972,942
1398,3.883333,943,972
1399,3.886111,972,943
1400,3.888889,939,968
1401,3.891667,968,939
1402,3.894444,938,968
1403,3.897222,968,938
1404,3.9,940,971
1405,3.902778,971,940
1406,3.905556,941,972
1407,3.908333,972,941
1408,3.911111,942,973
1409,3.913889,973,942
1410,3.916667,942,972
1411,3.919444,972,942
1412,3.922222,939,969
1413,3.925,969,939
1414,3.927778,940,970
1415,3.930556,970,940
1416,3.933333,944,969
1417,3.936111,969,944
1418,3.938889,945,971
1419,3.941667,971,945
1420,3.944444,944,971
1421,3.947222,971,944
1422,3.95,944,970
1423,3.952778,970,944
1424,3.955556,945,968
1425,3.958333,968,945
1426,3.961111,941,967
1427,3.963889,967,941
1428,3.966667,943,968
1429,3.969444,968,943
1430,3.972222,946,973
1431,3.975,973,946
1432,3.977778,944,970
1433,3.980556,970,944
1434,3.983333,944,968
1435,3.986111,968,944
1436,3.988889,941,966
1437,3.991667,966,941
1438,3.994444,939,966
1439,3.997222,966,939
1440,4.0,939,970
1441,4.002778,970,939
1442,4.005556,941,970
1443,4.008333,970,941
1444,4.011111,941,967
1445,4.013889,967,941
1446,4.016667,942,964
1447,4.019444,964,942
1448,4.022222,939,964
1449,4.025,964,939
1450,4.027778,939,964
1451,4.030556,964,939
1452,4.033333,940,965
1453,4.036111,965,940
1454,4.038889,941,969
1455,4.041667,969,941
1456,4.044444,944,965
1457,4.047222,965,944
1458,4.05,944,964
1459,4.052778,964,944
1460,4.055556,942,962
1461,4.058333,962,942
1462,4.061111,939,962
1463,4.063889,962,939
1464,4.066667,942,961
1465,4.069444,961,942
1466,4.072222,943,962
1467,4.075,962,943
1468,4.077778,945,962
1469,4.080556,962,945
1470,4.083333,944,957
1471,4.086111,957,944
1472,4.088889,944,955
1473,4.091667,955,944
1474,4.094444,943,953
1475,4.097222,953,943
1476,4.1,947,954
1477,4.102778,954,947
1478,4.105556,944,955
1479,4.108333,955,944
1480,4.111111,946,952
1481,4.113889,952,946
1482,4.116667,946,950
1483,4.119444,950,946
1484,4.122222,944,949
1485,4.125,949,944
1486,4.127778,941,947
1487,4.130556,947,941
1488,4.133333,943,950
1489,4.136111,950,943
1490,4.138889,943,950
1491,4.141667,950,943
1492,4.144444,942,947
1493,4.147222,947,942
1494,4.15,941,944
1495,4.152778,944,941
1496,4.155556,940,941
1497,4.158333,941,940
1498,4.161111,940,943
1499,4.163889,943,940
1500,4.166667,939,942
1501,4.169444,942,939
1502,4.172222,941,946
1503,4.175,946,941
1504,4.177778,941,943
1505,4.180556,943,941
1506,4.183333,942,942
1507,4.186111,942,942
1508,4.188889,937,939
1509,4.191667,939,937
1510,4.194444,938,940
1511,4.197222,940,938
1512,4.2,937,942
1513,4.202778,942,937
1514,4.205556,940,943
1515,4.208333,943,940
1516,4.211111,940,944
1517,4.213889,944,940
1518,4.216667,940,944
1519,4.219444,944,940
1520,4.222222,940,943
1521,4.225,943,940
1522,4.227778,939,947
1523,4.230556,947,939
1524,4.233333,939,951
1525,4.236111,951,939
1526,4.238889,941,955
1527,4.241667,955,941
1528,4.244444,945,957
1529,4.247222,957,945
1530,4.25,945,959
1531,4.252778,959,945
1532,4.255556,946,962
1533,4.258333,962,946
1534,4.261111,949,965
1535,4.263889,965,949
1536,4.266667,952,969
1537,4.269444,969,952
1538,4.272222,956,973
1539,4.275,973,956
1540,4.277778,957,974
1541,4.280556,974,957
1542,4.283333,958,976
1543,4.286111,976,958
1544,4.288889,957,975
1545,4.291667,975,957
1546,4.294444,957,978
1547,4.297222,978,957
1548,4.3,959,983
1549,4.302778,983,959
1550,4.305556,960,984
1551,4.308333,984,960
1552,4.311111,963,984
1553,4.313889,984,963
1554,4.316667,963,983
1555,4.319444,983,963
1556,4.322222,961,982
1557,4.325,982,961
1558,4.327778,962,980
1559,4.330556,980,962
1560,4.333333,963,985
1561,4.336111,985,963
1562,4.338889,964,986
1563,4.341667,986,964
1564,4.344444,964,984
1565,4.347222,984,964
1566,4.35,964,984
1567,4.352778,984,964
1568,4.355556,962,982
1569,4.358333,982,962
1570,4.361111,962,984
1571,4.363889,984,962
1572,4.366667,962,986
1573,4.369444,986,962
1574,4.372222,961,989
1575,4.375,989,961
1576,4.377778,964,984
1577,4.380556,984,964
1578,4.383333,963,983
1579,4.386111,983,963
1580,4.388889,961,982
1581,4.391667,982,961
1582,4.394444,960,984
1583,4.397222,984,960
1584,4.4,959,984
1585,4.402778,984,959
1586,4.405556,962,988
1587,4.408333,988,962
1588,4.411111,963,986
1589,4.413889,986,963
1590,4.416667,963,986
1591,4.419444,986,963
1592,4.422222,960,983
1593,4.425,983,960
1594,4.427778,959,983
1595,4.430556,983,959
1596,4.433333,963,985
1597,4.436111,985,963
1598,4.438889,962,987
1599,4.441667,987,962
1600,4.444444,965,986
1601,4.447222,986,965
1602,4.45,962,986
1603,4.452778,986,962
1604,4.455556,959,982
1605,4.458333,982,959
1606,4.461111,958,982
1607,4.463889,982,958
1608,4.466667,960,983
1609,4.469444,983,960
1610,4.472222,960,983
1611,4.475,983,960
1612,4.477778,960,984
1613,4.480556,984,960
1614,4.483333,959,981
1615,4.486111,981,959
1616,4.488889,954,979
1617,4.491667,979,954
1618,4.494444,954,982
1619,4.497222,982,954
1620,4.5,956,982
1621,4.502778,982,956
1622,4.505556,957,982
1623,4.508333,982,957
1624,4.511111,958,981
1625,4.513889,981,958
1626,4.516667,957,979
1627,4.519444,979,957
1628,4.522222,956,979
1629,4.525,979,956
1630,4.527778,952,978
1631,4.530556,978,952
1632,4.533333,954,982
1633,4.536111,982,954
1634,4.538889,954,982
1635,4.541667,982,954
1636,4.544444,953,978
1637,4.547222,978,953
1638,4.55,952,974
1639,4.552778,974,952
1640,4.555556,953,974
1641,4.558333,974,953
1642,4.561111,951,975
1643,4.563889,975,951
1644,4.566667,953,978
1645,4.569444,978,953
1646,4.572222,954,981
1647,4.575,981,954
1648,4.577778,956,978
1649,4.580556,978,956
1650,4.583333,953,976
1651,4.586111,976,953
1652,4.588889,954,975
1653,4.591667,975,954
1654,4.594444,951,975
1655,4.597222,975,951
1656,4.6,951,976
1657,4.602778,976,951
1658,4.605556,954,981
1659,4.608333,981,954
1660,4.611111,953,979
1661,4.613889,979,953
1662,4.616667,954,976
1663,4.619444,976,954
1664,4.622222,950,976
1665,4.625,976,950
1666,4.627778,948,975
1667,4.630556,975,948
1668,4.633333,950,976
1669,4.636111,976,950
1670,4.638889,952,978
1671,4.641667,978,952
1672,4.644444,951,977
1673,4.647222,977,951
1674,4.65,952,976
1675,4.652778,976,952
1676,4.655556,951,978
1677,4.658333,978,951
1678,4.661111,948,974
1679,4.663889,974,948
1680,4.666667,950,979
1681,4.669444,979,950
1682,4.672222,951,981
1683,4.675,981,951
1684,4.677778,954,978
1685,4.680556,978,954
1686,4.683333,954,976
1687,4.686111,976,954
1688,4.688889,954,974
1689,4.691667,974,954
1690,4.694444,950,971
1691,4.697222,971,950
1692,4.7,951,978
1693,4.702778,978,951
1694,4.705556,955,980
1695,4.708333,980,955
1696,4.711111,955,977
1697,4.713889,977,955
1698,4.716667,956,979
1699,4.719444,979,956
1700,4.722222,953,977
1701,4.725,977,953
1702,4.727778,951,977
1703,4.730556,977,951
1704,4.733333,952,979
1705,4.736111,979,952
1706,4.738889,953,979
1707,4.741667,979,953
1708,4.744444,953,981
1709,4.747222,981,953
1710,4.75,953,979
1711,4.752778,979,953
1712,4.755556,949,977
1713,4.758333,977,949
1714,4.761111,947,978
1715,4.763889,978,947
1716,4.766667,953,979
1717,4.769444,979,953
1718,4.772222,952,979
1719,4.775,979,952
1720,4.777778,953,979
1721,4.780556,979,953
1722,4.783333,952,979
1723,4.786111,979,952
1724,4.788889,952,978
1725,4.791667,978,952
1726,4.794444,950,978
1727,4.797222,978,950
1728,4.8,952,981
1729,4.802778,981,952
1730,4.805556,955,982
1731,4.808333,982,955
1732,4.811111,953,979
1733,4.813889,979,953
1734,4.816667,955,976
1735,4.819444,976,955
1736,4.822222,955,977
1737,4.825,977,955
1738,4.827778,955,976
1739,4.830556,976,955
1740,4.833333,956,979
1741,4.836111,979,956
1742,4.838889,962,981
1743,4.841667,981,962
1744,4.844444,963,980
1745,4.847222,980,963
1746,4.85,963,980
1747,4.852778,980,963
1748,4.855556,962,978
1749,4.858333,978,962
1750,4.861111,963,978
1751,4.863889,978,963
1752,4.866667,966,983
1753,4.869444,983,966
1754,4.872222,967,984
1755,4.875,984,967
1756,4.877778,969,983
1757,4.880556,983,969
1758,4.883333,968,985
1759,4.886111,985,968
1760,4.888889,968,982
1761,4.891667,982,968
1762,4.894444,969,983
1763,4.897222,983,969
1764,4.9,971,986
1765,4.902778,986,971
1766,4.905556,973,987
1767,4.908333,987,973
1768,4.911111,975,984
1769,4.913889,984,975
1770,4.916667,972,985
1771,4.919444,985,972
1772,4.922222,971,984
1773,4.925,984,971
1774,4.927778,969,986
1775,4.930556,986,969
1776,4.933333,968,990
1777,4.936111,990,968
1778,4.938889,971,996
1779,4.941667,996,971
1780,4.944444,970,991
1781,4.947222,991,970
1782,4.95,969,991
1783,4.952778,991,969
1784,4.955556,968,987
1785,4.958333,987,968
1786,4.961111,969,988
1787,4.963889,988,969
1788,4.966667,968,990
1789,4.969444,990,968
1790,4.972222,969,994
1791,4.975,994,969
1792,4.977778,971,991
1793,4.980556,991,971
1794,4.983333,973,988
1795,4.986111,988,973
1796,4.988889,976,984
1797,4.991667,984,976
1798,4.994444,972,982
1799,4.997222,982,972
1800,5.0,968,982
1801,5.002778,982,968
1802,5.005556,962,987
1803,5.008333,987,962
1804,5.011111,962,986
1805,5.013889,986,962
1806,5.016667,955,984
1807,5.019444,984,955
1808,5.022222,952,981
1809,5.025,981,952
1810,5.027778,948,980
1811,5.030556,980,948
1812,5.033333,947,982
1813,5.036111,982,947
1814,5.038889,948,985
1815,5.041667,985,948
1816,5.044444,950,983
1817,5.047222,983,950
1818,5.05,949,980
1819,5.052778,980,949
1820,5.055556,947,979
1821,5.058333,979,947
1822,5.061111,946,978
1823,5.063889,978,946
1824,5.066667,945,980
1825,5.069444,980,945
1826,5.072222,947,982
1827,5.075,982,947
1828,5.077778,947,982
1829,5.080556,982,947
1830,5.083333,947,978
1831,5.086111,978,947
1832,5.088889,945,977
1833,5.091667,977,945
1834,5.094444,943,978
1835,5.097222,978,943
1836,5.1,944,979
1837,5.102778,979,944
1838,5.105556,949,981
1839,5.108333,981,949
1840,5.111111,949,980
1841,5.113889,980,949
1842,5.116667,946,980
1843,5.119444,980,946
1844,5.122222,945,978
1845,5.125,978,945
1846,5.127778,941,976
1847,5.130556,976,941
1848,5.133333,943,980
1849,5.136111,980,943
1850,5.138889,944,979
1851,5.141667,979,944
1852,5.144444,946,977
1853,5.147222,977,946
1854,5.15,943,974
1855,5.152778,974,943
1856,5.155556,939,968
1857,5.158333,968,939
1858,5.161111,932,963
1859,5.163889,963,932
1860,5.166667,929,959
1861,5.169444,959,929
1862,5.172222,923,955
1863,5.175,955,923
1864,5.177778,922,949
1865,5.180556,949,922
1866,5.183333,919,941
1867,5.186111,941,919
1868,5.188889,916,939
1869,5.191667,939,916
1870,5.194444,904,947
1871,5.197222,947,904
1872,5.2,895,965
1873,5.202778,965,895
1874,5.205556,898,988
1875,5.208333,988,898
1876,5.211111,909,1011
1877,5.213889,1011,909
1878,5.216667,925,1031
1879,5.219444,1031,925
1880,5.222222,947,1050
1881,5.225,1050,947
1882,5.227778,970,1072
1883,5.230556,1072,970
1884,5.233333,1001,1098
1885,5.236111,1098,1001
1886,5.238889,1042,1123
1887,5.241667,1123,1042
1888,5.244444,1098,1146
1889,5.247222,1146,1098
1890,5.25,1151,1155
1891,5.252778,1155,1151
1892,5.255556,1186,1133
1893,5.258333,1133,1186
1894,5.261111,1196,1070
1895,5.263889,1070,1196
1896,5.266667,1178,1003
1897,5.269444,1003,1178
1898,5.272222,1119,968
1899,5.275,968,1119
1900,5.277778,1037,967
1901,5.280556,967,1037
1902,5.283333,963,973
1903,5.286111,973,963
1904,5.288889,924,973
1905,5.291667,973,924
1906,5.294444,920,972
1907,5.297222,972,920
1908,5.3,929,978
1909,5.302778,978,929
1910,5.305556,942,980
1911,5.308333,980,942
1912,5.311111,946,975
1913,5.313889,975,946
1914,5.316667,946,973
1915,5.319444,973,946
1916,5.322222,944,972
1917,5.325,972,944
1918,5.327778,942,974
1919,5.330556,974,942
1920,5.333333,943,977
1921,5.336111,977,943
1922,5.338889,947,975
1923,5.341667,975,947
1924,5.344444,946,975
1925,5.347222,975,946
1926,5.35,945,972
1927,5.352778,972,945
1928,5.355556,943,971
1929,5.358333,971,943
1930,5.361111,942,971
1931,5.363889,971,942
1932,5.366667,943,972
1933,5.369444,972,943
1934,5.372222,944,976
1935,5.375,976,944
1936,5.377778,946,975
1937,5.380556,975,946
1938,5.383333,945,972
1939,5.386111,972,945
1940,5.388889,942,970
1941,5.391667,970,942
1942,5.394444,941,970
1943,5.397222,970,941
1944,5.4,942,973
1945,5.402778,973,942
1946,5.405556,945,973
1947,5.408333,973,945
1948,5.411111,943,974
1949,5.413889,974,943
1950,5.416667,942,971
1951,5.419444,971,942
1952,5.422222,943,970
1953,5.425,970,943
1954,5.427778,943,970
1955,5.430556,970,943
1956,5.433333,942,971
1957,5.436111,971,942
1958,5.438889,946,974
1959,5.441667,974,946
1960,5.444444,947,975
1961,5.447222,975,947
1962,5.45,946,971
1963,5.452778,971,946
1964,5.455556,945,970
1965,5.458333,970,945
1966,5.461111,944,972
1967,5.463889,972,944
1968,5.466667,944,973
1969,5.469444,973,944
1970,5.472222,944,975
1971,5.475,975,944
1972,5.477778,945,974
1973,5.480556,974,945
1974,5.483333,945,972
1975,5.486111,972,945
1976,5.488889,943,970
1977,5.491667,970,943
1978,5.494444,943,972
1979,5.497222,972,943
1980,5.5,944,973
1981,5.502778,973,944
1982,5.505556,945,974
1983,5.508333,974,945
1984,5.511111,947,973
1985,5.513889,973,947
1986,5.516667,949,973
1987,5.519444,973,949
1988,5.522222,947,969
1989,5.525,969,947
1990,5.527778,945,970
1991,5.530556,970,945
1992,5.533333,946,971
1993,5.536111,971,946
1994,5.538889,947,972
1995,5.541667,972,947
1996,5.544444,949,972
1997,5.547222,972,949
1998,5.55,947,969
1999,5.552778,969,947
2000,5.555556,945,970
2001,5.558333,970,945
2002,5.561111,945,972
2003,5.563889,972,945
2004,5.566667,947,975
2005,5.569444,975,947
2006,5.572222,949,973
2007,5.575,973,949
2008,5.577778,949,971
2009,5.580556,971,949
2010,5.583333,947,971
2011,5.586111,971,947
2012,5.588889,945,970
2013,5.591667,970,945
2014,5.594444,946,971
2015,5.597222,971,946
2016,5.6,946,972
2017,5.602778,972,946
2018,5.605556,951,970
2019,5.608333,970,951
2020,5.611111,949,971
2021,5.613889,971,949
2022,5.616667,947,970
2023,5.619444,970,947
2024,5.622222,945,968
2025,5.625,968,945
2026,5.627778,948,967
2027,5.630556,967,948
2028,5.633333,947,968
2029,5.636111,968,947
2030,5.638889,949,967
2031,5.641667,967,949
2032,5.644444,948,966
2033,5.647222,966,948
2034,5.65,946,962
2035,5.652778,962,946
2036,5.655556,948,963
2037,5.658333,963,948
2038,5.661111,949,964
2039,5.663889,964,949
2040,5.666667,949,964
2041,5.669444,964,949
2042,5.672222,949,962
2043,5.675,962,949
2044,5.677778,949,959
2045,5.680556,959,949
2046,5.683333,948,956
2047,5.686111,956,948
2048,5.688889,946,956
2049,5.691667,956,946
2050,5.694444,946,959
2051,5.697222,959,946
2052,5.7,951,960
2053,5.702778,960,951
2054,5.705556,950,953
2055,5.708333,953,950
2056,5.711111,949,952
2057,5.713889,952,949
2058,5.716667,947,948
2059,5.719444,948,947
2060,5.722222,946,947
2061,5.725,947,946
2062,5.727778,946,949
2063,5.730556,949,946
2064,5.733333,949,951
2065,5.736111,951,949
2066,5.738889,951,949
2067,5.741667,949,951
2068,5.744444,947,947
2069,5.747222,947,947
2070,5.75,948,946
2071,5.752778,946,948
2072,5.755556,946,945
2073,5.758333,945,946
2074,5.761111,949,947
2075,5.763889,947,949
2076,5.766667,949,949
2077,5.769444,949,949
2078,5.772222,951,949
2079,5.775,949,951
2080,5.777778,950,949
2081,5.780556,949,950
2082,5.783333,947,948
2083,5.786111,948,947
2084,5.788889,945,951
2085,5.791667,951,945
2086,5.794444,947,955
2087,5.797222,955,947
2088,5.8,947,957
2089,5.802778,957,947
2090,5.805556,950,961
2091,5.808333,961,950
2092,5.811111,951,962
2093,5.813889,962,951
2094,5.816667,950,963
2095,5.819444,963,950
2096,5.822222,949,966
2097,5.825,966,949
2098,5.827778,954,970
2099,5.830556,970,954
2100,5.833333,957,973
2101,5.836111,973,957
2102,5.838889,960,974
2103,5.841667,974,960
2104,5.844444,961,975
2105,5.847222,975,961
2106,5.85,960,977
2107,5.852778,977,960
2108,5.855556,959,977
2109,5.858333,977,959
2110,5.861111,961,979
2111,5.863889,979,961
2112,5.866667,965,980
2113,5.869444,980,965
2114,5.872222,967,985
2115,5.875,985,967
2116,5.877778,964,981
2117,5.880556,981,964
2118,5.883333,965,978
2119,5.886111,978,965
2120,5.888889,967,981
2121,5.891667,981,967
2122,5.894444,967,983
2123,5.897222,983,967
2124,5.9,968,985
2125,5.902778,985,968
2126,5.905556,970,984
2127,5.908333,984,970
2128,5.911111,968,985
2129,5.913889,985,968
2130,5.916667,966,985
2131,5.919444,985,966
2132,5.922222,965,983
2133,5.925,983,965
2134,5.927778,965,985
2135,5.930556,985,965
2136,5.933333,966,988
2137,5.936111,988,966
2138,5.938889,968,986
2139,5.941667,986,968
2140,5.944444,966,983
2141,5.947222,983,966
2142,5.95,965,982
2143,5.952778,982,965
2144,5.955556,962,983
2145,5.958333,983,962
2146,5.961111,965,988
2147,5.963889,988,965
2148,5.966667,967,987
2149,5.969444,987,967
2150,5.972222,968,986
2151,5.975,986,968
2152,5.977778,969,983
2153,5.980556,983,969
2154,5.983333,965,981
2155,5.986111,981,965
2156,5.988889,963,981
2157,5.991667,981,963
2158,5.994444,964,981
2159,5.997222,981,964
2160,6.0,965,986
2161,6.002778,986,965
2162,6.005556,965,982
2163,6.008333,982,965
2164,6.011111,967,984
2165,6.013889,984,967
2166,6.016667,964,981
2167,6.019444,981,964
2168,6.022222,963,980
2169,6.025,980,963
2170,6.027778,964,979
2171,6.030556,979,964
2172,6.033333,965,981
2173,6.036111,981,965
2174,6.038889,964,981
2175,6.041667,981,964
2176,6.044444,963,978
2177,6.047222,978,963
2178,6.05,961,979
2179,6.052778,979,961
2180,6.055556,962,979
2181,6.058333,979,962
2182,6.061111,961,982
2183,6.063889,982,961
2184,6.066667,965,982
2185,6.069444,982,965
2186,6.072222,964,981
2187,6.075,981,964
2188,6.077778,962,978
2189,6.080556,978,962
2190,6.083333,958,977
2191,6.086111,977,958
2192,6.088889,956,978
2193,6.091667,978,956
2194,6.094444,958,980
2195,6.097222,980,958
2196,6.1,960,981
2197,6.102778,981,960
2198,6.105556,960,978
2199,6.108333,978,960
2200,6.111111,961,977
2201,6.113889,977,961
2202,6.116667,959,974
2203,6.119444,974,959
2204,6.122222,957,975
2205,6.125,975,957
2206,6.127778,958,976
2207,6.130556,976,958
2208,6.133333,961,980
2209,6.136111,980,961
2210,6.138889,960,978
2211,6.141667,978,960
2212,6.144444,960,978
2213,6.147222,978,960
2214,6.15,958,977
2215,6.152778,977,958
2216,6.155556,955,976
2217,6.158333,976,955
2218,6.161111,956,977
2219,6.163889,977,956
2220,6.166667,957,980
2221,6.169444,980,957
2222,6.172222,958,978
2223,6.175,978,958
2224,6.177778,957,976
2225,6.180556,976,957
2226,6.183333,955,973
2227,6.186111,973,955
2228,6.188889,954,975
2229,6.191667,975,954
2230,6.194444,955,977
2231,6.197222,977,955
2232,6.2,956,980
2233,6.202778,980,956
2234,6.205556,957,978
2235,6.208333,978,957
2236,6.211111,957,976
2237,6.213889,976,957
2238,6.216667,958,974
2239,6.219444,974,958
2240,6.222222,957,973
2241,6.225,973,957
2242,6.227778,956,976
2243,6.230556,976,956
2244,6.233333,957,979
2245,6.236111,979,957
2246,6.238889,960,978
2247,6.241667,978,960
2248,6.244444,956,977
2249,6.247222,977,956
2250,6.25,956,976
2251,6.252778,976,956
2252,6.255556,954,975
2253,6.258333,975,954
2254,6.261111,951,977
2255,6.263889,977,951
2256,6.266667,952,978
2257,6.269444,978,952
2258,6.272222,955,977
2259,6.275,977,955
2260,6.277778,955,976
2261,6.280556,976,955
2262,6.283333,954,975
2263,6.286111,975,954
2264,6.288889,954,977
2265,6.291667,977,954
2266,6.294444,954,977
2267,6.297222,977,954
2268,6.3,956,978
2269,6.302778,978,956
2270,6.305556,956,976
2271,6.308333,976,956
2272,6.311111,955,977
2273,6.313889,977,955
2274,6.316667,955,975
2275,6.319444,975,955
2276,6.322222,948,974
2277,6.325,974,948
2278,6.327778,952,978
2279,6.330556,978,952
2280,6.333333,952,982
2281,6.336111,982,952
2282,6.338889,955,978
2283,6.341667,978,955
2284,6.344444,955,977
2285,6.347222,977,955
2286,6.35,954,975
2287,6.352778,975,954
2288,6.355556,953,974
2289,6.358333,974,953
2290,6.361111,955,975
2291,6.363889,975,955
2292,6.366667,958,978
2293,6.369444,978,958
2294,6.372222,958,978
2295,6.375,978,958
2296,6.377778,957,977
2297,6.380556,977,957
2298,6.383333,957,974
2299,6.386111,974,957
2300,6.388889,956,974
2301,6.391667,974,956
2302,6.394444,958,976
2303,6.397222,976,958
2304,6.4,960,979
2305,6.402778,979,960
2306,6.405556,966,978
2307,6.408333,978,966
2308,6.411111,966,977
2309,6.413889,977,966
2310,6.416667,964,976
2311,6.419444,976,964
2312,6.422222,963,975
2313,6.425,975,963
2314,6.427778,967,976
2315,6.430556,976,967
2316,6.433333,968,979
2317,6.436111,979,968
2318,6.438889,969,979
2319,6.441667,979,969
2320,6.444444,968,978
2321,6.447222,978,968
2322,6.45,969,978
2323,6.452778,978,969
2324,6.455556,970,979
2325,6.458333,979,970
2326,6.461111,971,983
2327,6.463889,983,971
2328,6.466667,974,982
2329,6.469444,982,974
2330,6.472222,978,980
2331,6.475,980,978
2332,6.477778,975,983
2333,6.480556,983,975
2334,6.483333,976,980
2335,6.486111,980,976
2336,6.488889,973,980
2337,6.491667,980,973
2338,6.494444,973,982
2339,6.497222,982,973
2340,6.5,975,986
2341,6.502778,986,975
2342,6.505556,977,988
2343,6.508333,988,977
2344,6.511111,973,988
2345,6.513889,988,973
2346,6.516667,971,987
2347,6.519444,987,971
2348,6.522222,972,986
2349,6.525,986,972
2350,6.527778,973,986
2351,6.530556,986,973
2352,6.533333,970,987
2353,6.536111,987,970
2354,6.538889,971,983
2355,6.541667,983,971
2356,6.544444,968,984
2357,6.547222,984,968
2358,6.55,973,980
2359,6.552778,980,973
2360,6.555556,974,980
2361,6.558333,980,974
2362,6.561111,975,980
2363,6.563889,980,975
2364,6.566667,971,982
2365,6.569444,982,971
2366,6.572222,968,979
2367,6.575,979,968
2368,6.577778,964,980
2369,6.580556,980,964
2370,6.583333,961,976
2371,6.586111,976,961
2372,6.588889,959,975
2373,6.591667,975,959
2374,6.594444,957,977
2375,6.597222,977,957
2376,6.6,955,978
2377,6.602778,978,955
2378,6.605556,958,975
2379,6.608333,975,958
2380,6.611111,957,975
2381,6.613889,975,957
2382,6.616667,955,974
2383,6.619444,974,955
2384,6.622222,952,973
2385,6.625,973,952
2386,6.627778,954,978
2387,6.630556,978,954
2388,6.633333,956,979
2389,6.636111,979,956
2390,6.638889,957,978
2391,6.641667,978,957
2392,6.644444,955,975
2393,6.647222,975,955
2394,6.65,952,973
2395,6.652778,973,952
2396,6.655556,951,971
2397,6.658333,971,951
2398,6.661111,949,973
2399,6.663889,973,949
2400,6.666667,950,975
2401,6.669444,975,950
2402,6.672222,951,972
2403,6.675,972,951
2404,6.677778,951,974
2405,6.680556,974,951
2406,6.683333,948,972
2407,6.686111,972,948
2408,6.688889,949,970
2409,6.691667,970,949
2410,6.694444,949,976
2411,6.697222,976,949
2412,6.7,951,975
2413,6.702778,975,951
2414,6.705556,950,974
2415,6.708333,974,950
2416,6.711111,952,974
2417,6.713889,974,952
2418,6.716667,950,974
2419,6.719444,974,950
2420,6.722222,948,971
2421,6.725,971,948
2422,6.727778,951,973
2423,6.730556,973,951
2424,6.733333,952,975
2425,6.736111,975,952
2426,6.738889,954,973
2427,6.741667,973,954
2428,6.744444,953,971
2429,6.747222,971,953
2430,6.75,950,968
2431,6.752778,968,950
2432,6.755556,947,963
2433,6.758333,963,947
2434,6.761111,945,960
2435,6.763889,960,945
2436,6.766667,938,954
2437,6.769444,954,938
2438,6.772222,935,948
2439,6.775,948,935
2440,6.777778,927,946
2441,6.780556,946,927
2442,6.783333,921,955
2443,6.786111,955,921
2444,6.788889,911,976
2445,6.791667,976,911
2446,6.794444,913,1002
2447,6.797222,1002,913
2448,6.8,929,1020
2449,6.802778,1020,929
2450,6.805556,953,1032
2451,6.808333,1032,953
2452,6.811111,980,1046
2453,6.813889,1046,980
2454,6.816667,1013,1068
2455,6.819444,1068,1013
2456,6.822222,1061,1094
2457,6.825,1094,1061
2458,6.827778,1119,1112
2459,6.830556,1112,1119
2460,6.833333,1165,1103
2461,6.836111,1103,1165
2462,6.838889,1188,1055
2463,6.841667,1055,1188
2464,6.844444,1180,990
2465,6.847222,990,1180
2466,6.85,1131,948
2467,6.852778,948,1131
2468,6.855556,1053,942
2469,6.858333,942,1053
2470,6.861111,984,953
2471,6.863889,953,984
2472,6.866667,940,960
2473,6.869444,960,940
2474,6.872222,924,963
2475,6.875,963,924
2476,6.877778,928,964
2477,6.880556,964,928
2478,6.883333,934,965
2479,6.886111,965,934
2480,6.888889,942,965
2481,6.891667,965,942
2482,6.894444,944,967
2483,6.897222,967,944
2484,6.9,946,964
2485,6.902778,964,946
2486,6.905556,946,962
2487,6.908333,962,946
2488,6.911111,944,963
2489,6.913889,963,944
2490,6.916667,943,963
2491,6.919444,963,943
2492,6.922222,939,965
2493,6.925,965,939
2494,6.927778,939,970
2495,6.930556,970,939
2496,6.933333,943,970
2497,6.936111,970,943
2498,6.938889,945,967
2499,6.941667,967,945
2500,6.944444,943,963
2501,6.947222,963,943
2502,6.95,943,962
2503,6.952778,962,943
2504,6.955556,941,964
2505,6.958333,964,941
2506,6.961111,943,966
2507,6.963889,966,943
2508,6.966667,947,969
2509,6.969444,969,947
2510,6.972222,946,967
2511,6.975,967,946
2512,6.977778,945,967
2513,6.980556,967,945
2514,6.983333,945,963
2515,6.986111,963,945
2516,6.988889,945,966
2517,6.991667,966,945
2518,6.994444,945,966
2519,6.997222,966,945
2520,7.0,947,967
2521,7.002778,967,947
2522,7.005556,946,967
2523,7.008333,967,946
2524,7.011111,946,966
2525,7.013889,966,946
2526,7.016667,944,964
2527,7.019444,964,944
2528,7.022222,939,965
2529,7.025,965,939
2530,7.027778,942,967
2531,7.030556,967,942
2532,7.033333,944,969
2533,7.036111,969,944
2534,7.038889,945,966
2535,7.041667,966,945
2536,7.044444,944,965
2537,7.047222,965,944
2538,7.05,943,969
2539,7.052778,969,943
2540,7.055556,939,967
2541,7.058333,967,939
2542,7.061111,941,967
2543,7.063889,967,941
2544,7.066667,943,972
2545,7.069444,972,943
2546,7.072222,943,970
2547,7.075,970,943
2548,7.077778,943,971
2549,7.080556,971,943
2550,7.083333,942,967
2551,7.086111,967,942
2552,7.088889,941,966
2553,7.091667,966,941
2554,7.094444,943,965
2555,7.097222,965,943
2556,7.1,940,968
2557,7.102778,968,940
2558,7.105556,943,966
2559,7.108333,966,943
2560,7.111111,942,965
2561,7.113889,965,942
2562,7.116667,942,964
2563,7.119444,964,942
2564,7.122222,940,962
2565,7.125,962,940
2566,7.127778,941,963
2567,7.130556,963,941
2568,7.133333,943,965
2569,7.136111,965,943
2570,7.138889,945,964
2571,7.141667,964,945
2572,7.144444,945,968
2573,7.147222,968,945
2574,7.15,945,966
2575,7.152778,966,945
2576,7.155556,944,963
2577,7.158333,963,944
2578,7.161111,945,966
2579,7.163889,966,945
2580,7.166667,945,967
2581,7.169444,967,945
2582,7.172222,943,963
2583,7.175,963,943
2584,7.177778,943,962
2585,7.180556,962,943
2586,7.183333,940,961
2587,7.186111,961,940
2588,7.188889,937,963
2589,7.191667,963,937
2590,7.194444,941,965
2591,7.197222,965,941
2592,7.2,943,966
2593,7.202778,966,943
2594,7.205556,945,965
2595,7.208333,965,945
2596,7.211111,946,964
2597,7.213889,964,946
2598,7.216667,941,963
2599,7.219444,963,941
2600,7.222222,943,959
2601,7.225,959,943
2602,7.227778,943,962
2603,7.230556,962,943
2604,7.233333,944,964
2605,7.236111,964,944
2606,7.238889,945,962
2607,7.241667,962,945
2608,7.244444,945,957
2609,7.247222,957,945
2610,7.25,943,956
2611,7.252778,956,943
2612,7.255556,940,954
2613,7.258333,954,940
2614,7.261111,941,953
2615,7.263889,953,941
2616,7.266667,944,956
2617,7.269444,956,944
2618,7.272222,945,954
2619,7.275,954,945
2620,7.277778,944,951
2621,7.280556,951,944
2622,7.283333,943,948
2623,7.286111,948,943
2624,7.288889,939,944
2625,7.291667,944,939
2626,7.294444,939,947
2627,7.297222,947,939
2628,7.3,939,948
2629,7.302778,948,939
2630,7.305556,940,946
2631,7.308333,946,940
2632,7.311111,939,944
2633,7.313889,944,939
2634,7.316667,934,943
2635,7.319444,943,934
2636,7.322222,935,943
2637,7.325,943,935
2638,7.327778,934,943
2639,7.330556,943,934
2640,7.333333,937,941
2641,7.336111,941,937
2642,7.338889,935,941
2643,7.341667,941,935
2644,7.344444,930,940
2645,7.347222,940,930
2646,7.35,933,941
2647,7.352778,941,933
2648,7.355556,932,939
2649,7.358333,939,932
2650,7.361111,936,942
2651,7.363889,942,936
2652,7.366667,937,945
2653,7.369444,945,937
2654,7.372222,939,947
2655,7.375,947,939
2656,7.377778,938,943
2657,7.380556,943,938
2658,7.383333,935,945
2659,7.386111,945,935
2660,7.388889,934,945
2661,7.391667,945,934
2662,7.394444,935,949
2663,7.397222,949,935
2664,7.4,938,950
2665,7.402778,950,938
2666,7.405556,940,949
2667,7.408333,949,940
2668,7.411111,942,949
2669,7.413889,949,942
2670,7.416667,939,950
2671,7.419444,950,939
2672,7.422222,940,952
2673,7.425,952,940
2674,7.427778,943,955
2675,7.430556,955,943
2676,7.433333,948,960
2677,7.436111,960,948
2678,7.438889,950,963
2679,7.441667,963,950
2680,7.444444,951,963
2681,7.447222,963,951
2682,7.45,951,964
2683,7.452778,964,951
2684,7.455556,951,967
2685,7.458333,967,951
2686,7.461111,955,969
2687,7.463889,969,955
2688,7.466667,958,972
2689,7.469444,972,958
2690,7.472222,961,975
2691,7.475,975,961
2692,7.477778,963,975
2693,7.480556,975,963
2694,7.483333,963,974
2695,7.486111,974,963
2696,7.488889,960,973
2697,7.491667,973,960
2698,7.494444,962,975
2699,7.497222,975,962
2700,7.5,962,978
2701,7.502778,978,962
2702,7.505556,963,977
2703,7.508333,977,963
2704,7.511111,962,975
2705,7.513889,975,962
2706,7.516667,961,973
2707,7.519444,973,961
2708,7.522222,960,973
2709,7.525,973,960
2710,7.527778,961,979
2711,7.530556,979,961
2712,7.533333,963,978
2713,7.536111,978,963
2714,7.538889,963,977
2715,7.541667,977,963
2716,7.544444,965,976
2717,7.547222,976,965
2718,7.55,962,974
2719,7.552778,974,962
2720,7.555556,960,975
2721,7.558333,975,960
2722,7.561111,962,979
2723,7.563889,979,962
2724,7.566667,961,981
2725,7.569444,981,961
2726,7.572222,965,980
2727,7.575,980,965
2728,7.577778,964,976
2729,7.580556,976,964
2730,7.583333,963,974
2731,7.586111,974,963
2732,7.588889,964,973
2733,7.591667,973,964
2734,7.594444,967,975
2735,7.597222,975,967
2736,7.6,968,976
2737,7.602778,976,968
2738,7.605556,966,977
2739,7.608333,977,966
2740,7.611111,965,975
2741,7.613889,975,965
2742,7.616667,963,973
2743,7.619444,973,963
2744,7.622222,959,974
2745,7.625,974,959
2746,7.627778,963,977
2747,7.630556,977,963
2748,7.633333,964,978
2749,7.636111,978,964
2750,7.638889,964,974
2751,7.641667,974,964
2752,7.644444,961,972
2753,7.647222,972,961
2754,7.65,959,969
2755,7.652778,969,959
2756,7.655556,957,968
2757,7.658333,968,957
2758,7.661111,959,969
2759,7.663889,969,959
2760,7.666667,961,972
2761,7.669444,972,961
2762,7.672222,960,970
2763,7.675,970,960
2764,7.677778,957,973
2765,7.680556,973,957
2766,7.683333,958,971
2767,7.686111,971,958
2768,7.688889,956,973
2769,7.691667,973,956
2770,7.694444,959,971
2771,7.697222,971,959
2772,7.7,959,972
2773,7.702778,972,959
2774,7.705556,960,971
2775,7.708333,971,960
2776,7.711111,961,971
2777,7.713889,971,961
2778,7.716667,957,969
2779,7.719444,969,957
2780,7.722222,957,970
2781,7.725,970,957
2782,7.727778,955,971
2783,7.730556,971,955
2784,7.733333,957,973
2785,7.736111,973,957
2786,7.738889,959,973
2787,7.741667,973,959
2788,7.744444,958,971
2789,7.747222,971,958
2790,7.75,961,969
2791,7.752778,969,961
2792,7.755556,957,966
2793,7.758333,966,957
2794,7.761111,958,969
2795,7.763889,969,958
2796,7.766667,958,972
2797,7.769444,972,958
2798,7.772222,958,970
2799,7.775,970,958
2800,7.777778,958,971
2801,7.780556,971,958
2802,7.783333,957,970
2803,7.786111,970,957
2804,7.788889,956,971
2805,7.791667,971,956
2806,7.794444,958,971
2807,7.797222,971,958
2808,7.8,960,974
2809,7.802778,974,960
2810,7.805556,961,971
2811,7.808333,971,961
2812,7.811111,959,971
2813,7.813889,971,959
2814,7.816667,957,970
2815,7.819444,970,957
2816,7.822222,953,970
2817,7.825,970,953
2818,7.827778,955,971
2819,7.830556,971,955
2820,7.833333,956,973
2821,7.836111,973,956
2822,7.838889,957,972
2823,7.841667,972,957
2824,7.844444,960,973
2825,7.847222,973,960
2826,7.85,959,970
2827,7.852778,970,959
2828,7.855556,954,970
2829,7.858333,970,954
2830,7.861111,958,967
2831,7.863889,967,958
2832,7.866667,961,971
2833,7.869444,971,961
2834,7.872222,961,972
2835,7.875,972,961
2836,7.877778,958,971
2837,7.880556,971,958
2838,7.883333,958,970
2839,7.886111,970,958
2840,7.888889,957,971
2841,7.891667,971,957
2842,7.894444,957,972
2843,7.897222,972,957
2844,7.9,958,974
2845,7.902778,974,958
2846,7.905556,958,971
2847,7.908333,971,958
2848,7.911111,958,971
2849,7.913889,971,958
2850,7.916667,956,970
2851,7.919444,970,956
2852,7.922222,956,971
2853,7.925,971,956
2854,7.927778,956,973
2855,7.930556,973,956
2856,7.933333,959,975
2857,7.936111,975,959
2858,7.938889,959,973
2859,7.941667,973,959
2860,7.944444,959,969
2861,7.947222,969,959
2862,7.95,955,969
2863,7.952778,969,955
2864,7.955556,954,969
2865,7.958333,969,954
2866,7.961111,956,973
2867,7.963889,973,956
2868,7.966667,958,973
2869,7.969444,973,958
2870,7.972222,960,972
2871,7.975,972,960
2872,7.977778,962,971
2873,7.980556,971,962
2874,7.983333,963,967
2875,7.986111,967,963
2876,7.988889,963,968
2877,7.991667,968,963
2878,7.994444,969,971
2879,7.997222,971,969
2880,8.0,970,972
2881,8.002778,972,970
2882,8.005556,973,973
2883,8.008333,973,973
2884,8.011111,972,974
2885,8.013889,974,972
2886,8.016667,971,973
2887,8.019444,973,971
2888,8.022222,972,974
2889,8.025,974,972
2890,8.027778,974,976
2891,8.030556,976,974
2892,8.033333,977,978
2893,8.036111,978,977
2894,8.038889,977,977
2895,8.041667,977,977
2896,8.044444,980,979
2897,8.047222,979,980
2898,8.05,977,977
2899,8.052778,977,977
2900,8.055556,977,976
2901,8.058333,976,977
2902,8.061111,980,979
2903,8.063889,979,980
2904,8.066667,978,981
2905,8.069444,981,978
2906,8.072222,979,977
2907,8.075,977,979
2908,8.077778,977,978
2909,8.080556,978,977
2910,8.083333,975,979
2911,8.086111,979,975
2912,8.088889,973,981
2913,8.091667,981,973
2914,8.094444,976,983
2915,8.097222,983,976
2916,8.1,978,984
2917,8.102778,984,978
2918,8.105556,978,982
2919,8.108333,982,978
2920,8.111111,974,979
2921,8.113889,979,974
2922,8.116667,973,978
2923,8.119444,978,973
2924,8.122222,974,979
2925,8.125,979,974
2926,8.127778,978,981
2927,8.130556,981,978
2928,8.133333,983,982
2929,8.136111,982,983
2930,8.138889,985,977
2931,8.141667,977,985
2932,8.144444,982,976
2933,8.147222,976,982
2934,8.15,978,973
2935,8.152778,973,978
2936,8.155556,970,975
2937,8.158333,975,970
2938,8.161111,970,977
2939,8.163889,977,970
2940,8.166667,967,978
2941,8.169444,978,967
2942,8.172222,967,977
2943,8.175,977,967
2944,8.177778,962,975
2945,8.180556,975,962
2946,8.183333,958,970
2947,8.186111,970,958
2948,8.188889,956,972
2949,8.191667,972,956
2950,8.194444,956,974
2951,8.197222,974,956
2952,8.2,955,976
2953,8.202778,976,955
2954,8.205556,954,976
2955,8.208333,976,954
2956,8.211111,954,973
2957,8.213889,973,954
2958,8.216667,956,972
2959,8.219444,972,956
2960,8.222222,953,971
2961,8.225,971,953
2962,8.227778,955,973
2963,8.230556,973,955
2964,8.233333,956,975
2965,8.236111,975,956
2966,8.238889,956,975
2967,8.241667,975,956
2968,8.244444,955,972
2969,8.247222,972,955
2970,8.25,953,973
2971,8.252778,973,953
2972,8.255556,950,972
2973,8.258333,972,950
2974,8.261111,953,973
2975,8.263889,973,953
2976,8.266667,950,976
2977,8.269444,976,950
2978,8.272222,955,976
2979,8.275,976,955
2980,8.277778,956,972
2981,8.280556,972,956
2982,8.283333,952,972
2983,8.286111,972,952
2984,8.288889,948,974
2985,8.291667,974,948
2986,8.294444,952,976
2987,8.297222,976,952
2988,8.3,955,977
2989,8.302778,977,955
2990,8.305556,954,976
2991,8.308333,976,954
2992,8.311111,954,973
2993,8.313889,973,954
2994,8.316667,953,970
2995,8.319444,970,953
2996,8.322222,948,967
2997,8.325,967,948
2998,8.327778,946,966
2999,8.330556,966,946
3000,8.333333,945,962
3001,8.336111,962,945
3002,8.338889,939,958
3003,8.341667,958,939
3004,8.344444,933,951
3005,8.347222,951,933
3006,8.35,929,950
3007,8.352778,950,929
3008,8.355556,922,954
3009,8.358333,954,922
3010,8.361111,915,972
3011,8.363889,972,915
3012,8.366667,916,997
3013,8.369444,997,916
3014,8.372222,925,1020
3015,8.375,1020,925
3016,8.377778,943,1031
3017,8.380556,1031,943
3018,8.383333,965,1043
3019,8.386111,1043,965
3020,8.388889,992,1061
3021,8.391667,1061,992
3022,8.394444,1032,1087
3023,8.397222,1087,1032
3024,8.4,1087,1114
3025,8.402778,1114,1087
3026,8.405556,1143,1127
3027,8.408333,1127,1143
3028,8.411111,1184,1114
3029,8.413889,1114,1184
3030,8.416667,1201,1059
3031,8.419444,1059,1201
3032,8.422222,1183,988
3033,8.425,988,1183
3034,8.427778,1128,947
3035,8.430556,947,1128
3036,8.433333,1050,945
3037,8.436111,945,1050
3038,8.438889,981,955
3039,8.441667,955,981
3040,8.444444,939,962
3041,8.447222,962,939
3042,8.45,924,966
3043,8.452778,966,924
3044,8.455556,926,969
3045,8.458333,969,926
3046,8.461111,934,971
3047,8.463889,971,934
3048,8.466667,944,977
3049,8.469444,977,944
3050,8.472222,946,974
3051,8.475,974,946
3052,8.477778,945,971
3053,8.480556,971,945
3054,8.483333,945,973
3055,8.486111,973,945
3056,8.488889,944,975
3057,8.491667,975,944
3058,8.494444,946,976
3059,8.497222,976,946
3060,8.5,948,976
3061,8.502778,976,948
3062,8.505556,947,974
3063,8.508333,974,947
3064,8.511111,947,972
3065,8.513889,972,947
3066,8.516667,944,971
3067,8.519444,971,944
3068,8.522222,942,969
3069,8.525,969,942
3070,8.527778,942,973
3071,8.530556,973,942
3072,8.533333,946,976
3073,8.536111,976,946
3074,8.538889,946,975
3075,8.541667,975,946
3076,8.544444,943,972
3077,8.547222,972,943
3078,8.55,943,972
3079,8.552778,972,943
3080,8.555556,941,971
3081,8.558333,971,941
3082,8.561111,942,974
3083,8.563889,974,942
3084,8.566667,945,974
3085,8.569444,974,945
3086,8.572222,945,975
3087,8.575,975,945
3088,8.577778,944,974
3089,8.580556,974,944
3090,8.583333,941,971
3091,8.586111,971,941
3092,8.588889,941,973
3093,8.591667,973,941
3094,8.594444,941,974
3095,8.597222,974,941
3096,8.6,944,975
3097,8.602778,975,944
3098,8.605556,946,975
3099,8.608333,975,946
3100,8.611111,946,973
3101,8.613889,973,946
3102,8.616667,942,972
3103,8.619444,972,942
3104,8.622222,941,974
3105,8.625,974,941
3106,8.627778,943,976
3107,8.630556,976,943
3108,8.633333,945,981
3109,8.636111,981,945
3110,8.638889,945,978
3111,8.641667,978,945
3112,8.644444,945,974
3113,8.647222,974,945
3114,8.65,943,974
3115,8.652778,974,943
3116,8.655556,942,973
3117,8.658333,973,942
3118,8.661111,942,976
3119,8.663889,976,942
3120,8.666667,944,980
3121,8.669444,980,944
3122,8.672222,946,977
3123,8.675,977,946
3124,8.677778,945,977
3125,8.680556,977,945
3126,8.683333,942,976
3127,8.686111,976,942
3128,8.688889,939,973
3129,8.691667,973,939
3130,8.694444,941,975
3131,8.697222,975,941
3132,8.7,943,979
3133,8.702778,979,943
3134,8.705556,942,978
3135,8.708333,978,942
3136,8.711111,943,977
3137,8.713889,977,943
3138,8.716667,941,976
3139,8.719444,976,941
3140,8.722222,939,976
3141,8.725,976,939
3142,8.727778,939,976
3143,8.730556,976,939
3144,8.733333,942,978
3145,8.736111,978,942
3146,8.738889,945,975
3147,8.741667,975,945
3148,8.744444,946,973
3149,8.747222,973,946
3150,8.75,944,974
3151,8.752778,974,944
3152,8.755556,942,974
3153,8.758333,974,942
3154,8.761111,942,977
3155,8.763889,977,942
3156,8.766667,944,976
3157,8.769444,976,944
3158,8.772222,946,977
3159,8.775,977,946
3160,8.777778,942,973
3161,8.780556,973,942
3162,8.783333,940,973
3163,8.786111,973,940
3164,8.788889,940,973
3165,8.791667,973,940
3166,8.794444,941,974
3167,8.797222,974,941
3168,8.8,941,977
3169,8.802778,977,941
3170,8.805556,943,972
3171,8.808333,972,943
3172,8.811111,940,973
3173,8.813889,973,940
3174,8.816667,941,970
3175,8.819444,970,941
3176,8.822222,939,967
3177,8.825,967,939
3178,8.827778,942,967
3179,8.830556,967,942
3180,8.833333,944,968
3181,8.836111,968,944
3182,8.838889,943,967
3183,8.841667,967,943
3184,8.844444,944,967
3185,8.847222,967,944
3186,8.85,944,963
3187,8.852778,963,944
3188,8.855556,942,965
3189,8.858333,965,942
3190,8.861111,944,967
3191,8.863889,967,944
3192,8.866667,945,966
3193,8.869444,966,945
3194,8.872222,945,963
3195,8.875,963,945
3196,8.877778,943,960
3197,8.880556,960,943
3198,8.883333,942,957
3199,8.886111,957,942
3200,8.888889,939,956
3201,8.891667,956,939
3202,8.894444,939,961
3203,8.897222,961,939
3204,8.9,942,961
3205,8.902778,961,942
3206,8.905556,942,958
3207,8.908333,958,942
3208,8.911111,940,955
3209,8.913889,955,940
3210,8.916667,938,954
3211,8.919444,954,938
3212,8.922222,935,953
3213,8.925,953,935
3214,8.927778,936,951
3215,8.930556,951,936
3216,8.933333,937,953
3217,8.936111,953,937
3218,8.938889,938,951
3219,8.941667,951,938
3220,8.944444,938,950
3221,8.947222,950,938
3222,8.95,934,949
3223,8.952778,949,934
3224,8.955556,935,949
3225,8.958333,949,935
3226,8.961111,935,950
3227,8.963889,950,935
3228,8.966667,937,953
3229,8.969444,953,937
3230,8.972222,937,952
3231,8.975,952,937
3232,8.977778,935,956
3233,8.980556,956,935
3234,8.983333,936,956
3235,8.986111,956,936
3236,8.988889,934,958
3237,8.991667,958,934
3238,8.994444,938,961
3239,8.997222,961,938
3240,9.0,938,966
3241,9.002778,966,938
3242,9.005556,941,969
3243,9.008333,969,941
3244,9.011111,944,971
3245,9.013889,971,944
3246,9.016667,944,972
3247,9.019444,972,944
3248,9.022222,947,975
3249,9.025,975,947
3250,9.027778,951,979
3251,9.030556,979,951
3252,9.033333,957,983
3253,9.036111,983,957
3254,9.038889,958,984
3255,9.041667,984,958
3256,9.044444,959,986
3257,9.047222,986,959
3258,9.05,958,984
3259,9.052778,984,958
3260,9.055556,958,987
3261,9.058333,987,958
3262,9.061111,962,989
3263,9.063889,989,962
3264,9.066667,965,992
3265,9.069444,992,965
3266,9.072222,967,993
3267,9.075,993,967
3268,9.077778,966,991
3269,9.080556,991,966
3270,9.083333,966,992
3271,9.086111,992,966
3272,9.088889,962,990
3273,9.091667,990,962
3274,9.094444,965,994
3275,9.097222,994,965
3276,9.1,967,995
3277,9.102778,995,967
3278,9.105556,968,994
3279,9.108333,994,968
3280,9.111111,964,995
3281,9.113889,995,964
3282,9.116667,966,995
3283,9.119444,995,966
3284,9.122222,965,993
3285,9.125,993,965
3286,9.127778,966,994
3287,9.130556,994,966
3288,9.133333,968,997
3289,9.136111,997,968
3290,9.138889,969,995
3291,9.141667,995,969
3292,9.144444,969,995
3293,9.147222,995,969
3294,9.15,966,994
3295,9.152778,994,966
3296,9.155556,966,995
3297,9.158333,995,966
3298,9.161111,967,996
3299,9.163889,996,967
3300,9.166667,970,998
3301,9.169444,998,970
3302,9.172222,970,997
3303,9.175,997,970
3304,9.177778,970,996
3305,9.180556,996,970
3306,9.183333,969,995
3307,9.186111,995,969
3308,9.188889,966,991
3309,9.191667,991,966
3310,9.194444,967,993
3311,9.197222,993,967
3312,9.2,969,995
3313,9.202778,995,969
3314,9.205556,969,994
3315,9.208333,994,969
3316,9.211111,966,992
3317,9.213889,992,966
3318,9.216667,965,992
3319,9.219444,992,965
3320,9.222222,963,992
3321,9.225,992,963
3322,9.227778,965,995
3323,9.230556,995,965
3324,9.233333,965,996
3325,9.236111,996,965
3326,9.238889,967,994
3327,9.241667,994,967
3328,9.244444,966,991
3329,9.247222,991,966
3330,9.25,964,990
3331,9.252778,990,964
3332,9.255556,963,991
3333,9.258333,991,963
3334,9.261111,962,991
3335,9.263889,991,962
3336,9.266667,965,994
3337,9.269444,994,965
3338,9.272222,964,994
3339,9.275,994,964
3340,9.277778,963,991
3341,9.280556,991,963
3342,9.283333,962,990
3343,9.286111,990,962
3344,9.288889,959,988
3345,9.291667,988,959
3346,9.294444,959,991
3347,9.297222,991,959
3348,9.3,961,993
3349,9.302778,993,961
3350,9.305556,962,992
3351,9.308333,992,962
3352,9.311111,961,991
3353,9.313889,991,961
3354,9.316667,961,989
3355,9.319444,989,961
3356,9.322222,959,988
3357,9.325,988,959
3358,9.327778,960,991
3359,9.330556,991,960
3360,9.333333,962,994
3361,9.336111,994,962
3362,9.338889,960,990
3363,9.341667,990,960
3364,9.344444,961,990
3365,9.347222,990,961
3366,9.35,958,987
3367,9.352778,987,958
3368,9.355556,958,989
3369,9.358333,989,958
3370,9.361111,960,989
3371,9.363889,989,960
3372,9.366667,962,992
3373,9.369444,992,962
3374,9.372222,962,991
3375,9.375,991,962
3376,9.377778,962,990
3377,9.380556,990,962
3378,9.383333,958,988
3379,9.386111,988,958
3380,9.388889,957,989
3381,9.391667,989,957
3382,9.394444,958,990
3383,9.397222,990,958
3384,9.4,960,992
3385,9.402778,992,960
3386,9.405556,959,992
3387,9.408333,992,959
3388,9.411111,959,990
3389,9.413889,990,959
3390,9.416667,958,986
3391,9.419444,986,958
3392,9.422222,957,991
3393,9.425,991,957
3394,9.427778,958,992
3395,9.430556,992,958
3396,9.433333,959,993
3397,9.436111,993,959
3398,9.438889,959,992
3399,9.441667,992,959
3400,9.444444,960,993
3401,9.447222,993,960
3402,9.45,959,991
3403,9.452778,991,959
3404,9.455556,958,987
3405,9.458333,987,958
3406,9.461111,959,989
3407,9.463889,989,959
3408,9.466667,961,994
3409,9.469444,994,961
3410,9.472222,963,993
3411,9.475,993,963
3412,9.477778,959,991
3413,9.480556,991,959
3414,9.483333,961,990
3415,9.486111,990,961
3416,9.488889,957,990
3417,9.491667,990,957
3418,9.494444,958,991
3419,9.497222,991,958
3420,9.5,962,994
3421,9.502778,994,962
3422,9.505556,960,992
3423,9.508333,992,960
3424,9.511111,958,990
3425,9.513889,990,958
3426,9.516667,958,989
3427,9.519444,989,958
3428,9.522222,957,988
3429,9.525,988,957
3430,9.527778,958,993
3431,9.530556,993,958
3432,9.533333,958,994
3433,9.536111,994,958
3434,9.538889,960,995
3435,9.541667,995,960
3436,9.544444,960,992
3437,9.547222,992,960
3438,9.55,958,991
3439,9.552778,991,958
3440,9.555556,958,992
3441,9.558333,992,958
3442,9.561111,959,992
3443,9.563889,992,959
3444,9.566667,961,995
3445,9.569444,995,961
3446,9.572222,961,994
3447,9.575,994,961
3448,9.577778,961,994
3449,9.580556,994,961
3450,9.583333,958,992
3451,9.586111,992,958
3452,9.588889,958,992
3453,9.591667,992,958
3454,9.594444,960,994
3455,9.597222,994,960
3456,9.6,961,994
3457,9.602778,994,961
3458,9.605556,963,994
3459,9.608333,994,963
3460,9.611111,963,993
3461,9.613889,993,963
3462,9.616667,965,992
3463,9.619444,992,965
3464,9.622222,961,992
3465,9.625,992,961
3466,9.627778,964,994
3467,9.630556,994,964
3468,9.633333,969,998
3469,9.636111,998,969
3470,9.638889,973,994
3471,9.641667,994,973
3472,9.644444,973,993
3473,9.647222,993,973
3474,9.65,972,992
3475,9.652778,992,972
3476,9.655556,971,994
3477,9.658333,994,971
3478,9.661111,973,999
3479,9.663889,999,973
3480,9.666667,977,1000
3481,9.669444,1000,977
3482,9.672222,978,1001
3483,9.675,1001,978
3484,9.677778,979,999
3485,9.680556,999,979
3486,9.683333,980,997
3487,9.686111,997,980
3488,9.688889,980,996
3489,9.691667,996,980
3490,9.694444,981,998
3491,9.697222,998,981
3492,9.7,984,1003
3493,9.702778,1003,984
3494,9.705556,983,1003
3495,9.708333,1003,983
3496,9.711111,983,1004
3497,9.713889,1004,983
3498,9.716667,979,1003
3499,9.719444,1003,979
3500,9.722222,977,1006
3501,9.725,1006,977
3502,9.727778,976,1008
3503,9.730556,1008,976
3504,9.733333,978,1009
3505,9.736111,1009,978
3506,9.738889,981,1006
3507,9.741667,1006,981
3508,9.744444,976,1006
3509,9.747222,1006,976
3510,9.75,976,1004
3511,9.752778,1004,976
3512,9.755556,974,1004
3513,9.758333,1004,974
3514,9.761111,977,1005
3515,9.763889,1005,977
3516,9.766667,982,1006
3517,9.769444,1006,982
3518,9.772222,984,1002
3519,9.775,1002,984
3520,9.777778,980,999
3521,9.780556,999,980
3522,9.783333,973,998
3523,9.786111,998,973
3524,9.788889,969,1000
3525,9.791667,1000,969
3526,9.794444,967,1000
3527,9.797222,1000,967
3528,9.8,964,1002
3529,9.802778,1002,964
3530,9.805556,963,1002
3531,9.808333,1002,963
3532,9.811111,960,1000
3533,9.813889,1000,960
3534,9.816667,958,998
3535,9.819444,998,958
3536,9.822222,959,996
3537,9.825,996,959
3538,9.827778,960,995
3539,9.830556,995,960
3540,9.833333,958,999
3541,9.836111,999,958
3542,9.838889,958,998
3543,9.841667,998,958
3544,9.844444,957,994
3545,9.847222,994,957
3546,9.85,956,995
3547,9.852778,995,956
3548,9.855556,955,996
3549,9.858333,996,955
3550,9.861111,956,996
3551,9.863889,996,956
3552,9.866667,957,1000
3553,9.869444,1000,957
3554,9.872222,960,997
3555,9.875,997,960
3556,9.877778,959,995
3557,9.880556,995,959
3558,9.883333,957,992
3559,9.886111,992,957
3560,9.888889,955,994
3561,9.891667,994,955
3562,9.894444,955,997
3563,9.897222,997,955
3564,9.9,955,999
3565,9.902778,999,955
3566,9.905556,957,997
3567,9.908333,997,957
3568,9.911111,956,995
3569,9.913889,995,956
3570,9.916667,955,994
3571,9.919444,994,955
3572,9.922222,953,992
3573,9.925,992,953
3574,9.927778,956,995
3575,9.930556,995,956
3576,9.933333,956,997
3577,9.936111,997,956
3578,9.938889,956,997
3579,9.941667,997,956
3580,9.944444,956,999
3581,9.947222,999,956
3582,9.95,955,992
3583,9.952778,992,955
3584,9.955556,953,989
3585,9.958333,989,953
3586,9.961111,951,985
3587,9.963889,985,951
3588,9.966667,950,982
3589,9.969444,982,950
3590,9.972222,943,978
3591,9.975,978,943
3592,9.977778,935,970
3593,9.980556,970,935
3594,9.983333,928,966
3595,9.986111,966,928
3596,9.988889,925,968
3597,9.991667,968,925
3598,9.994444,920,985
3599,9.997222,985,920
