modality,model,explainer,n,repetition,model_seconds,explainer_seconds,fuzzyxai_seconds,serialization_seconds,total_seconds,objects_per_second,peak_rss_bytes,peak_vram_bytes,serialized_bytes,cached
text,DistilBERT AG News,integrated_gradients,1,0,0.009379931,0.052509739,0.000435779,8.836e-06,0.0623342849999999,16.042535821177704,1661530112,500442112,719,False
text,DistilBERT AG News,integrated_gradients,1,1,0.008278297,0.039986022,0.000355856,8.746e-06,0.048628921,20.563894477527068,1662406656,500442112,719,False
text,DistilBERT AG News,integrated_gradients,1,2,0.00961064,0.056220221,0.000377177,8.015e-06,0.066216053,15.102078041407871,1662472192,500442112,719,False
text,DistilBERT AG News,integrated_gradients,1,3,0.008927992,0.053139305,0.00034688,8.306e-06,0.0624224829999999,16.019868994958117,1662558208,500442112,719,False
text,DistilBERT AG News,integrated_gradients,1,4,0.007603534,0.041303766,0.000374592,8.106e-06,0.049289998,20.28809171386049,1662607360,500442112,719,False
text,DistilBERT AG News,integrated_gradients,10,0,0.049536125,0.936936881,0.001946139,4.3553e-05,0.988462698,10.11671964984965,1663131648,1053560320,7170,False
text,DistilBERT AG News,integrated_gradients,10,1,0.049942558,0.933866358,0.00191435,4.5286e-05,0.985768552,10.14436906078132,1663352832,1053560320,7170,False
text,DistilBERT AG News,integrated_gradients,10,2,0.047227987,0.956201771,0.001954064,4.5817e-05,1.005429639,9.94599682773028,1663459328,1053560320,7170,False
text,DistilBERT AG News,integrated_gradients,10,3,0.049769128,0.915395767,0.001987769,4.5086e-05,0.96719775,10.33914729433562,1663520768,1053560320,7170,False
text,DistilBERT AG News,integrated_gradients,10,4,0.049620765,0.958307682,0.001934869,4.5226e-05,1.009908542,9.901886739363771,1663602688,1053560320,7170,False
text,DistilBERT AG News,integrated_gradients,100,0,0.478564258,7.803158828,0.014716664,0.000376486,8.296816236,12.052816062877062,1665134592,1053560320,71655,False
text,DistilBERT AG News,integrated_gradients,100,1,0.383902006,5.966584868,0.014426192,0.00037843,6.365291495999999,15.71019961345695,1666076672,1053560320,71655,False
text,DistilBERT AG News,integrated_gradients,100,2,0.377345489,5.817974745,0.0145885,0.000384191,6.210292925,16.10230003764275,1666306048,1053560320,71655,False
text,DistilBERT AG News,integrated_gradients,100,3,0.424948819,7.337809675,0.014719448,0.000388999,7.777866941,12.856995466567213,1666449408,1053560320,71655,False
text,DistilBERT AG News,integrated_gradients,100,4,0.388480795,7.416502666,0.014788769,0.000395221,7.820167451,12.787449965308932,1666564096,1053560320,71655,False
text,DistilBERT AG News,integrated_gradients,1000,0,3.886403964,56.969061575,0.139717127,0.004163373,60.999346039,16.393618373558446,1673580544,1053560320,716445,False
text,DistilBERT AG News,integrated_gradients,1000,1,4.071109735,66.756895575,0.138441169,0.004387246,70.970833725,14.090295231345754,1680527360,1053560320,716445,False
text,DistilBERT AG News,integrated_gradients,1000,2,4.059767099,53.345092193,0.144760753,0.003786113,57.553406158,17.37516624567317,1680588800,1053560320,716445,False
text,DistilBERT AG News,integrated_gradients,1000,3,3.066520323,65.254985114,0.13890752,0.004059001,68.464471958,14.606115718141474,1680998400,1053560320,716445,False
text,DistilBERT AG News,integrated_gradients,1000,4,4.092761491,70.888650614,0.138689093,0.003762286,75.123863484,13.311349465046904,1680998400,1053560320,716445,False
text,DistilBERT AG News,token_masking,1,0,0.006464145,0.020039937,0.000465615,9.197e-06,0.026978894,37.06601167564541,1675034624,356588032,719,False
text,DistilBERT AG News,token_masking,1,1,0.008589351,0.029665726,0.000413105,8.836e-06,0.038677017999999994,25.855147364256474,1675141120,356588032,719,False
text,DistilBERT AG News,token_masking,1,2,0.009411132,0.023198615,0.00033163,8.927e-06,0.03295030399999999,30.348733656599958,1675153408,356588032,719,False
text,DistilBERT AG News,token_masking,1,3,0.005486129,0.020482557,0.000313094,8.366e-06,0.026290145999999997,38.037065294350214,1675161600,356588032,719,False
text,DistilBERT AG News,token_masking,1,4,0.005241204,0.023384979,0.000368329,8.576e-06,0.029003088,34.47908719237069,1675173888,356588032,719,False
text,DistilBERT AG News,token_masking,10,0,0.028844386,0.675484587,0.001740074,4.2952e-05,0.706111999,14.162059296771702,1675722752,474695168,7170,False
text,DistilBERT AG News,token_masking,10,1,0.033896751,0.670632351,0.001750124,4.4415e-05,0.7063236409999999,14.157815793680905,1675911168,474695168,7170,False
text,DistilBERT AG News,token_masking,10,2,0.03124214,0.67447683,0.001728593,4.4745e-05,0.707492308,14.13442928908847,1675964416,474695168,7170,False
text,DistilBERT AG News,token_masking,10,3,0.026345601,0.588245062,0.001731498,4.5386e-05,0.6163675470000002,16.224085853760883,1676029952,474695168,7170,False
text,DistilBERT AG News,token_masking,10,4,0.028601134,0.661652525,0.001701512,4.5797e-05,0.692000968,14.45084683754373,1676062720,474695168,7170,False
text,DistilBERT AG News,token_masking,100,0,0.274954793,5.291751652,0.014946616,0.000408521,5.582061582,17.914528267201767,1677475840,612951552,71655,False
text,DistilBERT AG News,token_masking,100,1,0.356476236,8.121447283,0.013566414,0.000390177,8.49188011,11.775955230719807,1678163968,612951552,71655,False
text,DistilBERT AG News,token_masking,100,2,0.402572349,9.987977675,0.017273708,0.00043991,10.408263642,9.607750479770178,1678348288,612951552,71655,False
text,DistilBERT AG News,token_masking,100,3,0.422419975,9.898119307,0.013762876,0.000380058,10.334682216,9.67615625811711,1678585856,612951552,71655,False
text,DistilBERT AG News,token_masking,100,4,0.476365851,10.085031887,0.013763546,0.000394896,10.57555618,9.455767460165864,1678696448,612951552,71655,False
text,DistilBERT AG News,token_masking,1000,0,3.030343231,80.968207243,0.138137938,0.004209635,84.140898047,11.884826798989158,1685307392,612952576,716445,False
text,DistilBERT AG News,token_masking,1000,1,3.820317044,48.401261956,0.139273851,0.004780584,52.365633435,19.096493910290842,1690157056,612952576,716445,False
text,DistilBERT AG News,token_masking,1000,2,2.45314179,73.608677457,0.129368931,0.003775004,76.19496318200001,13.124227091118748,1690812416,612952576,716445,False
text,DistilBERT AG News,token_masking,1000,3,4.120809524,63.264907806,0.130878114,0.003937448,67.52053289199999,14.810309652021164,1691279360,612952576,716445,False
text,DistilBERT AG News,token_masking,1000,4,3.238417815,61.63033894,0.130159919,0.003745123,65.002661797,15.383985399289479,1691283456,612952576,716445,False
text,DistilBERT AG News,token_masking,10000,0,38.019209124,696.025794127,1.351466594,0.056495947,735.4529657920001,13.597062579292375,1757163520,612952576,7164571,False
text,DistilBERT AG News,token_masking,10000,1,38.217625948,697.242060527,1.31642219,0.041661079,736.8177697440001,13.571876806763767,1789259776,612952576,7164571,False
text,DistilBERT AG News,token_masking,10000,2,34.697032273,684.82766117,1.311451465,0.043789259,720.8799341670001,13.871935569347372,1801818112,612952576,7164571,False
text,DistilBERT AG News,token_masking,10000,3,38.103517509,688.462600355,1.312557637,0.043635028,727.922310529,13.73772977604264,1807732736,612952576,7164571,False
text,DistilBERT AG News,token_masking,10000,4,38.218280983,689.369661616,1.328313238,0.039411271,728.955667108,13.718255377138634,1807822848,612952576,7164571,False
