source_index,incident_id,repository_id,accepted,reason,contract_family,source_component,changed_files,gold_repair_operation,route_relevance_score
0,astropy__astropy-12907,astropy/astropy,False,eligible_not_selected_by_locked_quota,MODEL_EXPLAINER_VERSION,model,"[""astropy/modeling/separable.py""]",model_explainer_version_alignment,6
1,astropy__astropy-14182,astropy/astropy,False,eligible_not_selected_by_locked_quota,ARTIFACT_PROVENANCE,dependencies,"[""astropy/io/ascii/rst.py""]",artifact_regeneration,9
2,astropy__astropy-14365,astropy/astropy,False,eligible_not_selected_by_locked_quota,ARTIFACT_PROVENANCE,runtime,"[""astropy/io/ascii/qdp.py""]",artifact_regeneration,7
3,astropy__astropy-14995,astropy/astropy,False,eligible_not_selected_by_locked_quota,DEPENDENCY_VERSION,dependencies,"[""astropy/nddata/mixins/ndarithmetic.py""]",dependency_pin_update,8
4,astropy__astropy-6938,astropy/astropy,False,eligible_not_selected_by_locked_quota,DATA_CONTRACT,artifact,"[""astropy/io/fits/fitsrec.py""]",schema_synchronization,4
5,astropy__astropy-7746,astropy/astropy,False,eligible_not_selected_by_locked_quota,DATA_CONTRACT,runtime,"[""astropy/wcs/wcs.py""]",schema_synchronization,16
6,django__django-10914,django/django,False,eligible_not_selected_by_locked_quota,ARTIFACT_PROVENANCE,configuration,"[""django/conf/global_settings.py""]",artifact_regeneration,19
7,django__django-10924,django/django,False,eligible_not_selected_by_locked_quota,ARTIFACT_PROVENANCE,model,"[""django/db/models/fields/__init__.py""]",artifact_regeneration,25
8,django__django-11001,django/django,False,outside_locked_route_contracts,ARTIFACT_PROVENANCE,model,"[""django/db/models/sql/compiler.py""]",artifact_regeneration,2
9,django__django-11019,django/django,False,eligible_not_selected_by_locked_quota,ARTIFACT_PROVENANCE,data_schema,"[""django/forms/widgets.py""]",artifact_regeneration,13
10,django__django-11039,django/django,False,outside_locked_route_contracts,PIPELINE_CONFIGURATION,preprocessing,"[""django/core/management/commands/sqlmigrate.py""]",configuration_correction,2
11,django__django-11049,django/django,False,eligible_not_selected_by_locked_quota,PIPELINE_CONFIGURATION,model,"[""django/db/models/fields/__init__.py""]",configuration_correction,3
12,django__django-11099,django/django,False,outside_locked_route_contracts,,runtime,"[""django/contrib/auth/validators.py""]",,1
13,django__django-11133,django/django,False,outside_locked_route_contracts,DEPENDENCY_VERSION,dependencies,"[""django/http/response.py""]",dependency_pin_update,2
14,django__django-11179,django/django,False,eligible_not_selected_by_locked_quota,DEPENDENCY_VERSION,model,"[""django/db/models/deletion.py""]",dependency_pin_update,3
15,django__django-11283,django/django,False,outside_locked_route_contracts,,model,"[""django/contrib/auth/migrations/0011_update_proxy_permissions.py""]",,1
16,django__django-11422,django/django,False,eligible_not_selected_by_locked_quota,ARTIFACT_PROVENANCE,configuration,"[""django/utils/autoreload.py""]",artifact_regeneration,8
17,django__django-11564,django/django,False,feature_or_enhancement,PIPELINE_CONFIGURATION,configuration,"[""django/conf/__init__.py""]",configuration_correction,15
18,django__django-11583,django/django,True,accepted_for_h10_c5,ARTIFACT_PROVENANCE,dependencies,"[""django/utils/autoreload.py""]",artifact_regeneration,72
19,django__django-11620,django/django,False,eligible_not_selected_by_locked_quota,ARTIFACT_PROVENANCE,runtime,"[""django/views/debug.py""]",artifact_regeneration,8
20,django__django-11630,django/django,False,eligible_not_selected_by_locked_quota,PIPELINE_CONFIGURATION,model,"[""django/core/checks/model_checks.py""]",configuration_correction,6
21,django__django-11742,django/django,False,outside_locked_route_contracts,SERIALIZATION,model,"[""django/db/models/fields/__init__.py""]",serialization_format_correction,2
22,django__django-11797,django/django,False,outside_locked_route_contracts,,model,"[""django/db/models/lookups.py""]",,1
23,django__django-11815,django/django,False,eligible_not_selected_by_locked_quota,SERIALIZATION,artifact,"[""django/db/migrations/serializer.py""]",serialization_format_correction,12
24,django__django-11848,django/django,False,outside_locked_route_contracts,DATA_CONTRACT,data_schema,"[""django/utils/http.py""]",schema_synchronization,2
25,django__django-11905,django/django,False,outside_locked_route_contracts,ARTIFACT_PROVENANCE,model,"[""django/db/models/lookups.py""]",artifact_regeneration,2
26,django__django-11910,django/django,False,eligible_not_selected_by_locked_quota,PIPELINE_CONFIGURATION,model,"[""django/db/migrations/autodetector.py""]",configuration_correction,3
27,django__django-11964,django/django,False,outside_locked_route_contracts,ARTIFACT_PROVENANCE,model,"[""django/db/models/enums.py""]",artifact_regeneration,2
28,django__django-11999,django/django,False,eligible_not_selected_by_locked_quota,DEPENDENCY_VERSION,model,"[""django/db/models/fields/__init__.py""]",dependency_pin_update,3
29,django__django-12113,django/django,False,eligible_not_selected_by_locked_quota,ARTIFACT_PROVENANCE,runtime,"[""django/db/backends/sqlite3/creation.py""]",artifact_regeneration,22
30,django__django-12125,django/django,False,eligible_not_selected_by_locked_quota,SERIALIZATION,model,"[""django/db/migrations/serializer.py""]",serialization_format_correction,10
31,django__django-12184,django/django,False,eligible_not_selected_by_locked_quota,ARTIFACT_PROVENANCE,runtime,"[""django/urls/resolvers.py""]",artifact_regeneration,7
32,django__django-12284,django/django,False,outside_locked_route_contracts,,model,"[""django/db/models/fields/__init__.py""]",,1
33,django__django-12286,django/django,False,eligible_not_selected_by_locked_quota,PIPELINE_CONFIGURATION,configuration,"[""django/core/checks/translation.py""]",configuration_correction,13
34,django__django-12308,django/django,False,eligible_not_selected_by_locked_quota,SERIALIZATION,artifact,"[""django/contrib/admin/utils.py""]",serialization_format_correction,8
35,django__django-12453,django/django,True,accepted_for_h10_c5,SERIALIZATION,artifact,"[""django/db/backends/base/creation.py""]",serialization_format_correction,38
36,django__django-12470,django/django,False,outside_locked_route_contracts,ARTIFACT_PROVENANCE,model,"[""django/db/models/sql/compiler.py""]",artifact_regeneration,2
37,django__django-12497,django/django,False,outside_locked_route_contracts,,model,"[""django/db/models/fields/related.py""]",,1
38,django__django-12589,django/django,False,eligible_not_selected_by_locked_quota,PREPROCESSING_SCHEMA,model,"[""django/db/models/sql/query.py""]",schema_synchronization,7
39,django__django-12700,django/django,False,eligible_not_selected_by_locked_quota,PIPELINE_CONFIGURATION,configuration,"[""django/views/debug.py""]",configuration_correction,15
40,django__django-12708,django/django,False,eligible_not_selected_by_locked_quota,DATA_CONTRACT,data_schema,"[""django/db/backends/base/schema.py""]",schema_synchronization,22
41,django__django-12747,django/django,False,eligible_not_selected_by_locked_quota,ARTIFACT_PROVENANCE,model,"[""django/db/models/deletion.py""]",artifact_regeneration,3
42,django__django-12856,django/django,False,outside_locked_route_contracts,PIPELINE_CONFIGURATION,model,"[""django/db/models/base.py""]",configuration_correction,2
43,django__django-12908,django/django,False,outside_locked_route_contracts,,model,"[""django/db/models/query.py""]",,1
44,django__django-12915,django/django,False,eligible_not_selected_by_locked_quota,ARTIFACT_PROVENANCE,runtime,"[""django/contrib/staticfiles/handlers.py""]",artifact_regeneration,18
45,django__django-12983,django/django,False,outside_locked_route_contracts,,preprocessing,"[""django/utils/text.py""]",,1
46,django__django-13028,django/django,False,eligible_not_selected_by_locked_quota,ARTIFACT_PROVENANCE,model,"[""django/db/models/sql/query.py""]",artifact_regeneration,20
47,django__django-13033,django/django,False,outside_locked_route_contracts,PREPROCESSING_SCHEMA,model,"[""django/db/models/sql/compiler.py""]",schema_synchronization,2
48,django__django-13158,django/django,False,eligible_not_selected_by_locked_quota,ARTIFACT_PROVENANCE,model,"[""django/db/models/sql/query.py""]",artifact_regeneration,4
49,django__django-13220,django/django,False,outside_locked_route_contracts,,runtime,"[""django/core/exceptions.py""]",,1
50,django__django-13230,django/django,False,feature_or_enhancement,,runtime,"[""django/contrib/syndication/views.py""]",,1
51,django__django-13265,django/django,False,eligible_not_selected_by_locked_quota,DATA_CONTRACT,model,"[""django/db/migrations/autodetector.py""]",schema_synchronization,20
52,django__django-13315,django/django,False,eligible_not_selected_by_locked_quota,PIPELINE_CONFIGURATION,model,"[""django/forms/models.py""]",configuration_correction,3
53,django__django-13321,django/django,False,eligible_not_selected_by_locked_quota,ARTIFACT_PROVENANCE,dependencies,"[""django/contrib/sessions/backends/base.py""]",artifact_regeneration,29
54,django__django-13401,django/django,False,outside_locked_route_contracts,DEPENDENCY_VERSION,model,"[""django/db/models/fields/__init__.py""]",dependency_pin_update,2
55,django__django-13447,django/django,False,eligible_not_selected_by_locked_quota,DATA_CONTRACT,model,"[""django/contrib/admin/sites.py""]",schema_synchronization,3
56,django__django-13448,django/django,False,feature_or_enhancement,ARTIFACT_PROVENANCE,dependencies,"[""django/db/backends/base/creation.py""]",artifact_regeneration,27
57,django__django-13551,django/django,False,outside_locked_route_contracts,,model,"[""django/contrib/auth/tokens.py""]",,1
58,django__django-13590,django/django,False,outside_locked_route_contracts,ARTIFACT_PROVENANCE,model,"[""django/db/models/sql/query.py""]",artifact_regeneration,2
59,django__django-13658,django/django,False,eligible_not_selected_by_locked_quota,PIPELINE_CONFIGURATION,configuration,"[""django/core/management/__init__.py""]",configuration_correction,10
60,django__django-13660,django/django,False,eligible_not_selected_by_locked_quota,PIPELINE_CONFIGURATION,configuration,"[""django/core/management/commands/shell.py""]",configuration_correction,14
61,django__django-13710,django/django,False,eligible_not_selected_by_locked_quota,PIPELINE_CONFIGURATION,model,"[""django/contrib/admin/options.py""]",configuration_correction,5
62,django__django-13757,django/django,False,eligible_not_selected_by_locked_quota,SERIALIZATION,artifact,"[""django/db/models/fields/json.py""]",serialization_format_correction,12
63,django__django-13768,django/django,False,outside_locked_route_contracts,,runtime,"[""django/dispatch/dispatcher.py""]",,1
64,django__django-13925,django/django,True,accepted_for_h10_c5,PIPELINE_CONFIGURATION,model,"[""django/db/models/base.py""]",configuration_correction,36
65,django__django-13933,django/django,False,outside_locked_route_contracts,PIPELINE_CONFIGURATION,model,"[""django/forms/models.py""]",configuration_correction,2
66,django__django-13964,django/django,False,eligible_not_selected_by_locked_quota,SERIALIZATION,model,"[""django/db/models/base.py""]",serialization_format_correction,9
67,django__django-14016,django/django,False,eligible_not_selected_by_locked_quota,SERIALIZATION,model,"[""django/db/models/query_utils.py""]",serialization_format_correction,4
68,django__django-14017,django/django,False,outside_locked_route_contracts,,model,"[""django/db/models/query_utils.py""]",,1
69,django__django-14155,django/django,False,eligible_not_selected_by_locked_quota,ARTIFACT_PROVENANCE,data_schema,"[""django/urls/resolvers.py""]",artifact_regeneration,3
70,django__django-14238,django/django,False,eligible_not_selected_by_locked_quota,ARTIFACT_PROVENANCE,model,"[""django/db/models/fields/__init__.py""]",artifact_regeneration,20
71,django__django-14382,django/django,False,eligible_not_selected_by_locked_quota,ARTIFACT_PROVENANCE,runtime,"[""django/core/management/templates.py""]",artifact_regeneration,10
72,django__django-14411,django/django,False,outside_locked_route_contracts,,runtime,"[""django/contrib/auth/forms.py""]",,1
73,django__django-14534,django/django,False,eligible_not_selected_by_locked_quota,DATA_CONTRACT,data_schema,"[""django/forms/boundfield.py""]",schema_synchronization,3
74,django__django-14580,django/django,False,eligible_not_selected_by_locked_quota,SERIALIZATION,model,"[""django/db/migrations/serializer.py""]",serialization_format_correction,9
75,django__django-14608,django/django,False,outside_locked_route_contracts,,runtime,"[""django/forms/formsets.py""]",,1
76,django__django-14667,django/django,False,outside_locked_route_contracts,,model,"[""django/db/models/sql/query.py""]",,1
77,django__django-14672,django/django,False,eligible_not_selected_by_locked_quota,ARTIFACT_PROVENANCE,model,"[""django/db/models/fields/reverse_related.py""]",artifact_regeneration,25
78,django__django-14730,django/django,False,outside_locked_route_contracts,PIPELINE_CONFIGURATION,model,"[""django/db/models/fields/related.py""]",configuration_correction,2
79,django__django-14752,django/django,False,eligible_not_selected_by_locked_quota,SERIALIZATION,artifact,"[""django/contrib/admin/views/autocomplete.py""]",serialization_format_correction,27
80,django__django-14787,django/django,False,outside_locked_route_contracts,,runtime,"[""django/utils/decorators.py""]",,1
81,django__django-14855,django/django,False,eligible_not_selected_by_locked_quota,PIPELINE_CONFIGURATION,model,"[""django/contrib/admin/helpers.py""]",configuration_correction,3
82,django__django-14915,django/django,False,eligible_not_selected_by_locked_quota,DATA_CONTRACT,data_schema,"[""django/forms/models.py""]",schema_synchronization,11
83,django__django-14997,django/django,False,eligible_not_selected_by_locked_quota,ARTIFACT_PROVENANCE,runtime,"[""django/db/backends/ddl_references.py""]",artifact_regeneration,24
84,django__django-14999,django/django,False,outside_locked_route_contracts,,model,"[""django/db/migrations/operations/models.py""]",,1
85,django__django-15061,django/django,False,eligible_not_selected_by_locked_quota,DATA_CONTRACT,data_schema,"[""django/forms/widgets.py""]",schema_synchronization,3
86,django__django-15202,django/django,False,eligible_not_selected_by_locked_quota,ARTIFACT_PROVENANCE,runtime,"[""django/core/validators.py""]",artifact_regeneration,9
87,django__django-15213,django/django,False,outside_locked_route_contracts,,model,"[""django/db/models/fields/__init__.py""]",,1
88,django__django-15252,django/django,False,outside_locked_route_contracts,,data_schema,"[""django/db/migrations/executor.py""]",,1
89,django__django-15320,django/django,False,outside_locked_route_contracts,,model,"[""django/db/models/expressions.py""]",,1
90,django__django-15347,django/django,False,eligible_not_selected_by_locked_quota,SERIALIZATION,artifact,"[""django/contrib/messages/storage/cookie.py""]",serialization_format_correction,5
91,django__django-15388,django/django,False,eligible_not_selected_by_locked_quota,ARTIFACT_PROVENANCE,configuration,"[""django/template/autoreload.py""]",artifact_regeneration,11
92,django__django-15400,django/django,False,outside_locked_route_contracts,,runtime,"[""django/utils/functional.py""]",,1
93,django__django-15498,django/django,False,outside_locked_route_contracts,,runtime,"[""django/views/static.py""]",,1
94,django__django-15695,django/django,False,eligible_not_selected_by_locked_quota,DATA_CONTRACT,data_schema,"[""django/db/migrations/operations/models.py""]",schema_synchronization,16
95,django__django-15738,django/django,False,eligible_not_selected_by_locked_quota,DATA_CONTRACT,model,"[""django/db/migrations/autodetector.py""]",schema_synchronization,8
96,django__django-15781,django/django,False,eligible_not_selected_by_locked_quota,ARTIFACT_PROVENANCE,configuration,"[""django/core/management/base.py""]",artifact_regeneration,6
97,django__django-15789,django/django,False,eligible_not_selected_by_locked_quota,SERIALIZATION,artifact,"[""django/utils/html.py""]",serialization_format_correction,23
98,django__django-15790,django/django,False,eligible_not_selected_by_locked_quota,ARTIFACT_PROVENANCE,configuration,"[""django/core/checks/templates.py""]",artifact_regeneration,7
99,django__django-15814,django/django,False,eligible_not_selected_by_locked_quota,ARTIFACT_PROVENANCE,model,"[""django/db/models/sql/query.py""]",artifact_regeneration,14
100,django__django-15819,django/django,False,eligible_not_selected_by_locked_quota,PREPROCESSING_SCHEMA,model,"[""django/core/management/commands/inspectdb.py""]",schema_synchronization,5
101,django__django-15851,django/django,False,eligible_not_selected_by_locked_quota,PIPELINE_CONFIGURATION,configuration,"[""django/db/backends/postgresql/client.py""]",configuration_correction,8
102,django__django-15902,django/django,False,outside_locked_route_contracts,,runtime,"[""django/forms/formsets.py""]",,1
103,django__django-15996,django/django,False,eligible_not_selected_by_locked_quota,SERIALIZATION,artifact,"[""django/db/migrations/serializer.py""]",serialization_format_correction,11
104,django__django-16041,django/django,False,eligible_not_selected_by_locked_quota,ARTIFACT_PROVENANCE,model,"[""django/forms/formsets.py""]",artifact_regeneration,3
105,django__django-16046,django/django,False,eligible_not_selected_by_locked_quota,DATA_CONTRACT,data_schema,"[""django/utils/numberformat.py""]",schema_synchronization,4
106,django__django-16139,django/django,False,outside_locked_route_contracts,,model,"[""django/contrib/auth/forms.py""]",,1
107,django__django-16229,django/django,False,eligible_not_selected_by_locked_quota,DATA_CONTRACT,model,"[""django/forms/boundfield.py""]",schema_synchronization,3
108,django__django-16255,django/django,False,eligible_not_selected_by_locked_quota,ARTIFACT_PROVENANCE,runtime,"[""django/contrib/sitemaps/__init__.py""]",artifact_regeneration,7
109,django__django-16379,django/django,False,eligible_not_selected_by_locked_quota,ARTIFACT_PROVENANCE,artifact,"[""django/core/cache/backends/filebased.py""]",artifact_regeneration,32
110,django__django-16400,django/django,False,eligible_not_selected_by_locked_quota,PIPELINE_CONFIGURATION,configuration,"[""django/contrib/auth/management/__init__.py""]",configuration_correction,9
111,django__django-16408,django/django,False,eligible_not_selected_by_locked_quota,ARTIFACT_PROVENANCE,model,"[""django/db/models/sql/compiler.py""]",artifact_regeneration,3
112,django__django-16527,django/django,False,eligible_not_selected_by_locked_quota,SERIALIZATION,artifact,"[""django/contrib/admin/templatetags/admin_modify.py""]",serialization_format_correction,9
113,django__django-16595,django/django,False,outside_locked_route_contracts,,model,"[""django/db/migrations/operations/fields.py""]",,1
114,django__django-16816,django/django,True,accepted_for_h10_c5,ARTIFACT_PROVENANCE,runtime,"[""django/contrib/admin/checks.py""]",artifact_regeneration,71
115,django__django-16820,django/django,False,eligible_not_selected_by_locked_quota,DATA_CONTRACT,data_schema,"[""django/db/migrations/operations/models.py""]",schema_synchronization,29
116,django__django-16873,django/django,False,eligible_not_selected_by_locked_quota,ARTIFACT_PROVENANCE,runtime,"[""django/template/defaultfilters.py""]",artifact_regeneration,4
117,django__django-16910,django/django,False,outside_locked_route_contracts,,model,"[""django/db/models/sql/query.py""]",,1
118,django__django-17051,django/django,False,outside_locked_route_contracts,,model,"[""django/db/models/query.py""]",,1
119,django__django-17087,django/django,False,eligible_not_selected_by_locked_quota,SERIALIZATION,artifact,"[""django/db/migrations/serializer.py""]",serialization_format_correction,6
120,matplotlib__matplotlib-18869,matplotlib/matplotlib,False,feature_or_enhancement,DEPENDENCY_VERSION,dependencies,"[""lib/matplotlib/__init__.py""]",dependency_pin_update,62
121,matplotlib__matplotlib-22711,matplotlib/matplotlib,False,eligible_not_selected_by_locked_quota,DATA_CONTRACT,data_schema,"[""lib/matplotlib/widgets.py""]",schema_synchronization,8
122,matplotlib__matplotlib-22835,matplotlib/matplotlib,False,eligible_not_selected_by_locked_quota,ARTIFACT_PROVENANCE,preprocessing,"[""lib/matplotlib/artist.py""]",artifact_regeneration,7
123,matplotlib__matplotlib-23299,matplotlib/matplotlib,False,eligible_not_selected_by_locked_quota,DEPENDENCY_VERSION,dependencies,"[""lib/matplotlib/__init__.py""]",dependency_pin_update,4
124,matplotlib__matplotlib-23314,matplotlib/matplotlib,False,eligible_not_selected_by_locked_quota,DEPENDENCY_VERSION,dependencies,"[""lib/mpl_toolkits/mplot3d/axes3d.py""]",dependency_pin_update,4
125,matplotlib__matplotlib-23476,matplotlib/matplotlib,False,eligible_not_selected_by_locked_quota,ARTIFACT_PROVENANCE,dependencies,"[""lib/matplotlib/figure.py""]",artifact_regeneration,11
126,matplotlib__matplotlib-23562,matplotlib/matplotlib,False,outside_locked_route_contracts,DEPENDENCY_VERSION,runtime,"[""lib/mpl_toolkits/mplot3d/art3d.py""]",dependency_pin_update,2
127,matplotlib__matplotlib-23563,matplotlib/matplotlib,False,eligible_not_selected_by_locked_quota,ARTIFACT_PROVENANCE,dependencies,"[""lib/mpl_toolkits/mplot3d/art3d.py""]",artifact_regeneration,19
128,matplotlib__matplotlib-23913,matplotlib/matplotlib,False,feature_or_enhancement,DEPENDENCY_VERSION,configuration,"[""lib/matplotlib/legend.py""]",dependency_pin_update,3
129,matplotlib__matplotlib-23964,matplotlib/matplotlib,True,accepted_for_h10_c5,SERIALIZATION,artifact,"[""lib/matplotlib/backends/backend_ps.py""]",serialization_format_correction,27
130,matplotlib__matplotlib-23987,matplotlib/matplotlib,False,eligible_not_selected_by_locked_quota,DEPENDENCY_VERSION,dependencies,"[""lib/matplotlib/figure.py""]",dependency_pin_update,6
131,matplotlib__matplotlib-24149,matplotlib/matplotlib,False,eligible_not_selected_by_locked_quota,DATA_CONTRACT,runtime,"[""lib/matplotlib/axes/_axes.py""]",schema_synchronization,6
132,matplotlib__matplotlib-24265,matplotlib/matplotlib,True,accepted_for_h10_c5,DEPENDENCY_VERSION,dependencies,"[""lib/matplotlib/style/core.py""]",dependency_pin_update,21
133,matplotlib__matplotlib-24334,matplotlib/matplotlib,False,outside_locked_route_contracts,PIPELINE_CONFIGURATION,runtime,"[""lib/matplotlib/axis.py""]",configuration_correction,2
134,matplotlib__matplotlib-24970,matplotlib/matplotlib,False,eligible_not_selected_by_locked_quota,DEPENDENCY_VERSION,dependencies,"[""lib/matplotlib/colors.py""]",dependency_pin_update,10
135,matplotlib__matplotlib-25079,matplotlib/matplotlib,False,eligible_not_selected_by_locked_quota,ARTIFACT_PROVENANCE,dependencies,"[""lib/matplotlib/colors.py""]",artifact_regeneration,15
136,matplotlib__matplotlib-25311,matplotlib/matplotlib,False,eligible_not_selected_by_locked_quota,SERIALIZATION,artifact,"[""lib/matplotlib/offsetbox.py""]",serialization_format_correction,6
137,matplotlib__matplotlib-25332,matplotlib/matplotlib,False,eligible_not_selected_by_locked_quota,SERIALIZATION,artifact,"[""lib/matplotlib/cbook.py""]",serialization_format_correction,7
138,matplotlib__matplotlib-25433,matplotlib/matplotlib,False,eligible_not_selected_by_locked_quota,DEPENDENCY_VERSION,dependencies,"[""lib/matplotlib/figure.py""]",dependency_pin_update,6
139,matplotlib__matplotlib-25442,matplotlib/matplotlib,False,eligible_not_selected_by_locked_quota,ARTIFACT_PROVENANCE,dependencies,"[""lib/matplotlib/offsetbox.py""]",artifact_regeneration,6
140,matplotlib__matplotlib-25498,matplotlib/matplotlib,False,eligible_not_selected_by_locked_quota,ARTIFACT_PROVENANCE,runtime,"[""lib/matplotlib/colorbar.py""]",artifact_regeneration,6
141,matplotlib__matplotlib-26011,matplotlib/matplotlib,False,outside_locked_route_contracts,PIPELINE_CONFIGURATION,configuration,"[""lib/matplotlib/axis.py""]",configuration_correction,2
142,matplotlib__matplotlib-26020,matplotlib/matplotlib,False,eligible_not_selected_by_locked_quota,DEPENDENCY_VERSION,dependencies,"[""lib/mpl_toolkits/axes_grid1/axes_grid.py""]",dependency_pin_update,10
143,mwaskom__seaborn-2848,mwaskom/seaborn,False,eligible_not_selected_by_locked_quota,PREPROCESSING_SCHEMA,runtime,"[""seaborn/_oldcore.py""]",schema_synchronization,4
144,mwaskom__seaborn-3010,mwaskom/seaborn,False,eligible_not_selected_by_locked_quota,ARTIFACT_PROVENANCE,runtime,"[""seaborn/_stats/regression.py""]",artifact_regeneration,14
145,mwaskom__seaborn-3190,mwaskom/seaborn,False,eligible_not_selected_by_locked_quota,ARTIFACT_PROVENANCE,runtime,"[""seaborn/_core/scales.py""]",artifact_regeneration,4
146,mwaskom__seaborn-3407,mwaskom/seaborn,True,accepted_for_h10_c5,DATA_CONTRACT,data_schema,"[""seaborn/axisgrid.py""]",schema_synchronization,25
147,pallets__flask-4045,pallets/flask,False,eligible_not_selected_by_locked_quota,ARTIFACT_PROVENANCE,runtime,"[""src/flask/blueprints.py""]",artifact_regeneration,3
148,pallets__flask-4992,pallets/flask,True,accepted_for_h10_c5,ARTIFACT_PROVENANCE,configuration,"[""src/flask/config.py""]",artifact_regeneration,41
149,pallets__flask-5063,pallets/flask,False,feature_or_enhancement,PIPELINE_CONFIGURATION,configuration,"[""src/flask/cli.py""]",configuration_correction,9
150,psf__requests-1963,psf/requests,False,outside_locked_route_contracts,,runtime,"[""requests/sessions.py""]",,1
151,psf__requests-2148,psf/requests,False,eligible_not_selected_by_locked_quota,ARTIFACT_PROVENANCE,runtime,"[""requests/models.py""]",artifact_regeneration,14
152,psf__requests-2317,psf/requests,False,outside_locked_route_contracts,,model,"[""requests/sessions.py""]",,1
153,psf__requests-2674,psf/requests,False,outside_locked_route_contracts,ARTIFACT_PROVENANCE,runtime,"[""requests/adapters.py""]",artifact_regeneration,2
154,psf__requests-3362,psf/requests,False,outside_locked_route_contracts,SERIALIZATION,preprocessing,"[""requests/utils.py""]",serialization_format_correction,2
155,psf__requests-863,psf/requests,False,outside_locked_route_contracts,ARTIFACT_PROVENANCE,model,"[""requests/models.py""]",artifact_regeneration,2
156,pydata__xarray-3364,pydata/xarray,False,eligible_not_selected_by_locked_quota,DATA_CONTRACT,data_schema,"[""xarray/core/concat.py""]",schema_synchronization,12
157,pydata__xarray-4094,pydata/xarray,True,accepted_for_h10_c5,DATA_CONTRACT,data_schema,"[""xarray/core/dataarray.py""]",schema_synchronization,20
158,pydata__xarray-4248,pydata/xarray,False,feature_or_enhancement,DATA_CONTRACT,data_schema,"[""xarray/core/formatting.py""]",schema_synchronization,20
159,pydata__xarray-4493,pydata/xarray,True,accepted_for_h10_c5,DATA_CONTRACT,data_schema,"[""xarray/core/variable.py""]",schema_synchronization,36
160,pydata__xarray-5131,pydata/xarray,False,eligible_not_selected_by_locked_quota,DATA_CONTRACT,data_schema,"[""xarray/core/groupby.py""]",schema_synchronization,14
161,pylint-dev__pylint-5859,pylint-dev/pylint,False,eligible_not_selected_by_locked_quota,PIPELINE_CONFIGURATION,configuration,"[""pylint/checkers/misc.py""]",configuration_correction,9
162,pylint-dev__pylint-6506,pylint-dev/pylint,True,accepted_for_h10_c5,PIPELINE_CONFIGURATION,configuration,"[""pylint/config/config_initialization.py""]",configuration_correction,38
163,pylint-dev__pylint-7080,pylint-dev/pylint,True,accepted_for_h10_c5,PIPELINE_CONFIGURATION,configuration,"[""pylint/lint/expand_modules.py""]",configuration_correction,69
164,pylint-dev__pylint-7114,pylint-dev/pylint,True,accepted_for_h10_c5,ARTIFACT_PROVENANCE,runtime,"[""pylint/lint/expand_modules.py""]",artifact_regeneration,32
165,pylint-dev__pylint-7228,pylint-dev/pylint,True,accepted_for_h10_c5,ARTIFACT_PROVENANCE,configuration,"[""pylint/config/argument.py""]",artifact_regeneration,26
166,pylint-dev__pylint-7993,pylint-dev/pylint,False,eligible_not_selected_by_locked_quota,PIPELINE_CONFIGURATION,dependencies,"[""pylint/reporters/text.py""]",configuration_correction,10
167,pytest-dev__pytest-11143,pytest-dev/pytest,False,eligible_not_selected_by_locked_quota,ARTIFACT_PROVENANCE,dependencies,"[""src/_pytest/assertion/rewrite.py""]",artifact_regeneration,14
168,pytest-dev__pytest-11148,pytest-dev/pytest,True,accepted_for_h10_c5,ARTIFACT_PROVENANCE,configuration,"[""src/_pytest/pathlib.py""]",artifact_regeneration,23
169,pytest-dev__pytest-5103,pytest-dev/pytest,False,eligible_not_selected_by_locked_quota,DEPENDENCY_VERSION,dependencies,"[""src/_pytest/assertion/rewrite.py""]",dependency_pin_update,3
170,pytest-dev__pytest-5221,pytest-dev/pytest,False,outside_locked_route_contracts,PIPELINE_CONFIGURATION,configuration,"[""src/_pytest/python.py""]",configuration_correction,2
171,pytest-dev__pytest-5227,pytest-dev/pytest,False,eligible_not_selected_by_locked_quota,ARTIFACT_PROVENANCE,configuration,"[""src/_pytest/logging.py""]",artifact_regeneration,9
172,pytest-dev__pytest-5413,pytest-dev/pytest,False,eligible_not_selected_by_locked_quota,SERIALIZATION,runtime,"[""src/_pytest/_code/code.py""]",serialization_format_correction,7
173,pytest-dev__pytest-5495,pytest-dev/pytest,False,eligible_not_selected_by_locked_quota,EXPLAINER_CONFIGURATION,explainer,"[""src/_pytest/assertion/util.py""]",configuration_correction,5
174,pytest-dev__pytest-5692,pytest-dev/pytest,False,eligible_not_selected_by_locked_quota,ARTIFACT_PROVENANCE,runtime,"[""src/_pytest/junitxml.py""]",artifact_regeneration,5
175,pytest-dev__pytest-6116,pytest-dev/pytest,False,eligible_not_selected_by_locked_quota,PIPELINE_CONFIGURATION,configuration,"[""src/_pytest/main.py""]",configuration_correction,3
176,pytest-dev__pytest-7168,pytest-dev/pytest,True,accepted_for_h10_c5,ARTIFACT_PROVENANCE,runtime,"[""src/_pytest/_io/saferepr.py""]",artifact_regeneration,47
177,pytest-dev__pytest-7220,pytest-dev/pytest,True,accepted_for_h10_c5,ARTIFACT_PROVENANCE,runtime,"[""src/_pytest/nodes.py""]",artifact_regeneration,28
178,pytest-dev__pytest-7373,pytest-dev/pytest,False,eligible_not_selected_by_locked_quota,ARTIFACT_PROVENANCE,artifact,"[""src/_pytest/mark/evaluate.py""]",artifact_regeneration,11
179,pytest-dev__pytest-7432,pytest-dev/pytest,False,outside_locked_route_contracts,DEPENDENCY_VERSION,dependencies,"[""src/_pytest/skipping.py""]",dependency_pin_update,2
180,pytest-dev__pytest-7490,pytest-dev/pytest,False,eligible_not_selected_by_locked_quota,SERIALIZATION,artifact,"[""src/_pytest/skipping.py""]",serialization_format_correction,15
181,pytest-dev__pytest-8365,pytest-dev/pytest,False,eligible_not_selected_by_locked_quota,ARTIFACT_PROVENANCE,runtime,"[""src/_pytest/tmpdir.py""]",artifact_regeneration,11
182,pytest-dev__pytest-8906,pytest-dev/pytest,False,eligible_not_selected_by_locked_quota,DEPENDENCY_VERSION,runtime,"[""src/_pytest/python.py""]",dependency_pin_update,4
183,pytest-dev__pytest-9359,pytest-dev/pytest,False,eligible_not_selected_by_locked_quota,ARTIFACT_PROVENANCE,artifact,"[""src/_pytest/_code/source.py""]",artifact_regeneration,6
184,scikit-learn__scikit-learn-10297,scikit-learn/scikit-learn,False,eligible_not_selected_by_locked_quota,MODEL_EXPLAINER_VERSION,model,"[""sklearn/linear_model/ridge.py""]",model_explainer_version_alignment,10
185,scikit-learn__scikit-learn-10508,scikit-learn/scikit-learn,False,eligible_not_selected_by_locked_quota,PREPROCESSING_SCHEMA,preprocessing,"[""sklearn/preprocessing/label.py""]",schema_synchronization,24
186,scikit-learn__scikit-learn-10949,scikit-learn/scikit-learn,True,accepted_for_h10_c5,PREPROCESSING_SCHEMA,data_schema,"[""sklearn/utils/validation.py""]",schema_synchronization,32
187,scikit-learn__scikit-learn-11040,scikit-learn/scikit-learn,False,eligible_not_selected_by_locked_quota,DATA_CONTRACT,runtime,"[""sklearn/neighbors/base.py""]",schema_synchronization,3
188,scikit-learn__scikit-learn-11281,scikit-learn/scikit-learn,False,eligible_not_selected_by_locked_quota,PIPELINE_CONFIGURATION,model,"[""sklearn/mixture/base.py""]",configuration_correction,10
189,scikit-learn__scikit-learn-12471,scikit-learn/scikit-learn,False,eligible_not_selected_by_locked_quota,PREPROCESSING_SCHEMA,preprocessing,"[""sklearn/preprocessing/_encoders.py""]",schema_synchronization,16
190,scikit-learn__scikit-learn-13142,scikit-learn/scikit-learn,False,eligible_not_selected_by_locked_quota,DATA_CONTRACT,model,"[""sklearn/mixture/base.py""]",schema_synchronization,11
191,scikit-learn__scikit-learn-13241,scikit-learn/scikit-learn,False,eligible_not_selected_by_locked_quota,DATA_CONTRACT,preprocessing,"[""sklearn/decomposition/kernel_pca.py""]",schema_synchronization,5
192,scikit-learn__scikit-learn-13439,scikit-learn/scikit-learn,False,eligible_not_selected_by_locked_quota,DATA_CONTRACT,dependencies,"[""sklearn/pipeline.py""]",schema_synchronization,3
193,scikit-learn__scikit-learn-13496,scikit-learn/scikit-learn,False,eligible_not_selected_by_locked_quota,MODEL_LOADING,model,"[""sklearn/ensemble/iforest.py""]",pipeline_stage_rerun,7
194,scikit-learn__scikit-learn-13497,scikit-learn/scikit-learn,False,eligible_not_selected_by_locked_quota,DATA_CONTRACT,preprocessing,"[""sklearn/feature_selection/mutual_info_.py""]",schema_synchronization,6
195,scikit-learn__scikit-learn-13584,scikit-learn/scikit-learn,False,eligible_not_selected_by_locked_quota,DATA_CONTRACT,configuration,"[""sklearn/utils/_pprint.py""]",schema_synchronization,3
196,scikit-learn__scikit-learn-13779,scikit-learn/scikit-learn,False,eligible_not_selected_by_locked_quota,MODEL_LOADING,model,"[""sklearn/ensemble/voting.py""]",pipeline_stage_rerun,7
197,scikit-learn__scikit-learn-14087,scikit-learn/scikit-learn,False,eligible_not_selected_by_locked_quota,DATA_CONTRACT,model,"[""sklearn/linear_model/logistic.py""]",schema_synchronization,5
198,scikit-learn__scikit-learn-14092,scikit-learn/scikit-learn,False,eligible_not_selected_by_locked_quota,PIPELINE_CONFIGURATION,configuration,"[""sklearn/neighbors/nca.py""]",configuration_correction,16
199,scikit-learn__scikit-learn-14894,scikit-learn/scikit-learn,False,eligible_not_selected_by_locked_quota,ARTIFACT_PROVENANCE,runtime,"[""sklearn/svm/base.py""]",artifact_regeneration,5
200,scikit-learn__scikit-learn-14983,scikit-learn/scikit-learn,False,eligible_not_selected_by_locked_quota,DEPENDENCY_VERSION,model,"[""sklearn/model_selection/_split.py""]",dependency_pin_update,3
201,scikit-learn__scikit-learn-15512,scikit-learn/scikit-learn,False,eligible_not_selected_by_locked_quota,DATA_CONTRACT,dependencies,"[""sklearn/cluster/_affinity_propagation.py""]",schema_synchronization,4
202,scikit-learn__scikit-learn-15535,scikit-learn/scikit-learn,False,eligible_not_selected_by_locked_quota,DATA_CONTRACT,data_schema,"[""sklearn/metrics/cluster/_supervised.py""]",schema_synchronization,3
203,scikit-learn__scikit-learn-25500,scikit-learn/scikit-learn,True,accepted_for_h10_c5,PREPROCESSING_SCHEMA,model,"[""sklearn/isotonic.py""]",schema_synchronization,33
204,scikit-learn__scikit-learn-25570,scikit-learn/scikit-learn,True,accepted_for_h10_c5,PREPROCESSING_SCHEMA,preprocessing,"[""sklearn/compose/_column_transformer.py""]",schema_synchronization,46
205,scikit-learn__scikit-learn-25638,scikit-learn/scikit-learn,False,eligible_not_selected_by_locked_quota,PREPROCESSING_SCHEMA,data_schema,"[""sklearn/utils/multiclass.py""]",schema_synchronization,27
206,scikit-learn__scikit-learn-25747,scikit-learn/scikit-learn,True,accepted_for_h10_c5,DATA_CONTRACT,data_schema,"[""sklearn/utils/_set_output.py""]",schema_synchronization,36
207,sphinx-doc__sphinx-10325,sphinx-doc/sphinx,False,feature_or_enhancement,PIPELINE_CONFIGURATION,configuration,"[""sphinx/ext/autodoc/__init__.py""]",configuration_correction,10
208,sphinx-doc__sphinx-10451,sphinx-doc/sphinx,False,eligible_not_selected_by_locked_quota,PIPELINE_CONFIGURATION,configuration,"[""sphinx/ext/autodoc/typehints.py""]",configuration_correction,7
209,sphinx-doc__sphinx-11445,sphinx-doc/sphinx,False,eligible_not_selected_by_locked_quota,DEPENDENCY_VERSION,dependencies,"[""sphinx/util/rst.py""]",dependency_pin_update,6
210,sphinx-doc__sphinx-7686,sphinx-doc/sphinx,False,eligible_not_selected_by_locked_quota,ARTIFACT_PROVENANCE,runtime,"[""sphinx/ext/autosummary/generate.py""]",artifact_regeneration,3
211,sphinx-doc__sphinx-7738,sphinx-doc/sphinx,False,eligible_not_selected_by_locked_quota,DEPENDENCY_VERSION,dependencies,"[""sphinx/ext/napoleon/docstring.py""]",dependency_pin_update,4
212,sphinx-doc__sphinx-7975,sphinx-doc/sphinx,False,eligible_not_selected_by_locked_quota,DATA_CONTRACT,data_schema,"[""sphinx/environment/adapters/indexentries.py""]",schema_synchronization,12
213,sphinx-doc__sphinx-8273,sphinx-doc/sphinx,False,eligible_not_selected_by_locked_quota,ARTIFACT_PROVENANCE,configuration,"[""sphinx/builders/manpage.py""]",artifact_regeneration,9
214,sphinx-doc__sphinx-8282,sphinx-doc/sphinx,False,eligible_not_selected_by_locked_quota,ARTIFACT_PROVENANCE,configuration,"[""sphinx/ext/autodoc/__init__.py""]",artifact_regeneration,5
215,sphinx-doc__sphinx-8435,sphinx-doc/sphinx,False,eligible_not_selected_by_locked_quota,PIPELINE_CONFIGURATION,configuration,"[""sphinx/ext/autodoc/__init__.py""]",configuration_correction,5
216,sphinx-doc__sphinx-8474,sphinx-doc/sphinx,False,outside_locked_route_contracts,,runtime,"[""sphinx/domains/std.py""]",,1
217,sphinx-doc__sphinx-8506,sphinx-doc/sphinx,False,eligible_not_selected_by_locked_quota,PIPELINE_CONFIGURATION,configuration,"[""sphinx/domains/std.py""]",configuration_correction,13
218,sphinx-doc__sphinx-8595,sphinx-doc/sphinx,False,eligible_not_selected_by_locked_quota,DEPENDENCY_VERSION,dependencies,"[""sphinx/ext/autodoc/__init__.py""]",dependency_pin_update,3
219,sphinx-doc__sphinx-8627,sphinx-doc/sphinx,False,eligible_not_selected_by_locked_quota,ARTIFACT_PROVENANCE,dependencies,"[""sphinx/util/typing.py""]",artifact_regeneration,9
220,sphinx-doc__sphinx-8713,sphinx-doc/sphinx,True,accepted_for_h10_c5,PIPELINE_CONFIGURATION,configuration,"[""sphinx/ext/napoleon/docstring.py""]",configuration_correction,22
221,sphinx-doc__sphinx-8721,sphinx-doc/sphinx,False,eligible_not_selected_by_locked_quota,DEPENDENCY_VERSION,dependencies,"[""sphinx/ext/viewcode.py""]",dependency_pin_update,3
222,sphinx-doc__sphinx-8801,sphinx-doc/sphinx,False,eligible_not_selected_by_locked_quota,DEPENDENCY_VERSION,runtime,"[""sphinx/ext/autodoc/importer.py""]",dependency_pin_update,3
223,sympy__sympy-11400,sympy/sympy,False,outside_locked_route_contracts,,runtime,"[""sympy/printing/ccode.py""]",,1
224,sympy__sympy-11870,sympy/sympy,False,outside_locked_route_contracts,DEPENDENCY_VERSION,runtime,"[""sympy/functions/elementary/trigonometric.py""]",dependency_pin_update,2
225,sympy__sympy-11897,sympy/sympy,False,outside_locked_route_contracts,,runtime,"[""sympy/printing/latex.py""]",,1
226,sympy__sympy-12171,sympy/sympy,False,outside_locked_route_contracts,PIPELINE_CONFIGURATION,configuration,"[""sympy/printing/mathematica.py""]",configuration_correction,2
227,sympy__sympy-12236,sympy/sympy,False,eligible_not_selected_by_locked_quota,DEPENDENCY_VERSION,dependencies,"[""sympy/polys/domains/polynomialring.py""]",dependency_pin_update,3
228,sympy__sympy-12419,sympy/sympy,False,outside_locked_route_contracts,DEPENDENCY_VERSION,runtime,"[""sympy/matrices/expressions/matexpr.py""]",dependency_pin_update,2
229,sympy__sympy-12454,sympy/sympy,False,eligible_not_selected_by_locked_quota,DATA_CONTRACT,data_schema,"[""sympy/matrices/matrices.py""]",schema_synchronization,8
230,sympy__sympy-12481,sympy/sympy,False,outside_locked_route_contracts,,runtime,"[""sympy/combinatorics/permutations.py""]",,1
231,sympy__sympy-13031,sympy/sympy,False,eligible_not_selected_by_locked_quota,MODEL_EXPLAINER_VERSION,data_schema,"[""sympy/matrices/sparse.py""]",model_explainer_version_alignment,6
232,sympy__sympy-13043,sympy/sympy,False,outside_locked_route_contracts,,runtime,"[""sympy/integrals/intpoly.py""]",,1
233,sympy__sympy-13146,sympy/sympy,False,outside_locked_route_contracts,,runtime,"[""sympy/core/operations.py""]",,1
234,sympy__sympy-13177,sympy/sympy,False,outside_locked_route_contracts,,runtime,"[""sympy/core/mod.py""]",,1
235,sympy__sympy-13437,sympy/sympy,False,outside_locked_route_contracts,,runtime,"[""sympy/functions/combinatorial/numbers.py""]",,1
236,sympy__sympy-13471,sympy/sympy,False,eligible_not_selected_by_locked_quota,SERIALIZATION,artifact,"[""sympy/core/numbers.py""]",serialization_format_correction,9
237,sympy__sympy-13480,sympy/sympy,False,outside_locked_route_contracts,ARTIFACT_PROVENANCE,runtime,"[""sympy/functions/elementary/hyperbolic.py""]",artifact_regeneration,2
238,sympy__sympy-13647,sympy/sympy,False,outside_locked_route_contracts,DEPENDENCY_VERSION,data_schema,"[""sympy/matrices/common.py""]",dependency_pin_update,2
239,sympy__sympy-13773,sympy/sympy,False,eligible_not_selected_by_locked_quota,DATA_CONTRACT,runtime,"[""sympy/matrices/common.py""]",schema_synchronization,3
240,sympy__sympy-13895,sympy/sympy,False,outside_locked_route_contracts,,runtime,"[""sympy/core/numbers.py""]",,1
241,sympy__sympy-13915,sympy/sympy,False,outside_locked_route_contracts,DEPENDENCY_VERSION,dependencies,"[""sympy/core/mul.py""]",dependency_pin_update,2
242,sympy__sympy-13971,sympy/sympy,False,outside_locked_route_contracts,,runtime,"[""sympy/printing/latex.py""]",,1
243,sympy__sympy-14024,sympy/sympy,False,outside_locked_route_contracts,,runtime,"[""sympy/core/numbers.py""]",,1
244,sympy__sympy-14308,sympy/sympy,False,outside_locked_route_contracts,,runtime,"[""sympy/printing/pretty/pretty.py""]",,1
245,sympy__sympy-14317,sympy/sympy,False,outside_locked_route_contracts,,runtime,"[""sympy/printing/latex.py""]",,1
246,sympy__sympy-14396,sympy/sympy,True,accepted_for_h10_c5,PIPELINE_CONFIGURATION,configuration,"[""sympy/polys/polyoptions.py""]",configuration_correction,23
247,sympy__sympy-14774,sympy/sympy,False,outside_locked_route_contracts,,runtime,"[""sympy/printing/latex.py""]",,1
248,sympy__sympy-14817,sympy/sympy,False,eligible_not_selected_by_locked_quota,ARTIFACT_PROVENANCE,runtime,"[""sympy/printing/pretty/pretty.py""]",artifact_regeneration,12
249,sympy__sympy-15011,sympy/sympy,False,eligible_not_selected_by_locked_quota,PREPROCESSING_SCHEMA,preprocessing,"[""sympy/utilities/lambdify.py""]",schema_synchronization,5
250,sympy__sympy-15308,sympy/sympy,False,outside_locked_route_contracts,,runtime,"[""sympy/printing/latex.py""]",,1
251,sympy__sympy-15345,sympy/sympy,False,outside_locked_route_contracts,,runtime,"[""sympy/printing/mathematica.py""]",,1
252,sympy__sympy-15346,sympy/sympy,False,outside_locked_route_contracts,,runtime,"[""sympy/simplify/trigsimp.py""]",,1
253,sympy__sympy-15609,sympy/sympy,False,outside_locked_route_contracts,DATA_CONTRACT,data_schema,"[""sympy/printing/latex.py""]",schema_synchronization,2
254,sympy__sympy-15678,sympy/sympy,False,eligible_not_selected_by_locked_quota,ARTIFACT_PROVENANCE,runtime,"[""sympy/geometry/util.py""]",artifact_regeneration,5
255,sympy__sympy-16106,sympy/sympy,False,eligible_not_selected_by_locked_quota,DATA_CONTRACT,data_schema,"[""sympy/printing/mathml.py""]",schema_synchronization,10
256,sympy__sympy-16281,sympy/sympy,False,outside_locked_route_contracts,,runtime,"[""sympy/printing/pretty/pretty.py""]",,1
257,sympy__sympy-16503,sympy/sympy,False,outside_locked_route_contracts,,runtime,"[""sympy/printing/pretty/pretty.py""]",,1
258,sympy__sympy-16792,sympy/sympy,True,accepted_for_h10_c5,DATA_CONTRACT,data_schema,"[""sympy/utilities/codegen.py""]",schema_synchronization,27
259,sympy__sympy-16988,sympy/sympy,False,outside_locked_route_contracts,,runtime,"[""sympy/sets/sets.py""]",,1
260,sympy__sympy-17022,sympy/sympy,False,eligible_not_selected_by_locked_quota,DATA_CONTRACT,data_schema,"[""sympy/printing/pycode.py""]",schema_synchronization,7
261,sympy__sympy-17139,sympy/sympy,False,eligible_not_selected_by_locked_quota,ARTIFACT_PROVENANCE,runtime,"[""sympy/simplify/fu.py""]",artifact_regeneration,17
262,sympy__sympy-17630,sympy/sympy,False,eligible_not_selected_by_locked_quota,ARTIFACT_PROVENANCE,dependencies,"[""sympy/matrices/expressions/matexpr.py""]",artifact_regeneration,16
263,sympy__sympy-17655,sympy/sympy,False,eligible_not_selected_by_locked_quota,DATA_CONTRACT,runtime,"[""sympy/geometry/point.py""]",schema_synchronization,6
264,sympy__sympy-18057,sympy/sympy,False,eligible_not_selected_by_locked_quota,PREPROCESSING_SCHEMA,runtime,"[""sympy/core/expr.py""]",schema_synchronization,3
265,sympy__sympy-18087,sympy/sympy,False,outside_locked_route_contracts,DEPENDENCY_VERSION,dependencies,"[""sympy/core/exprtools.py""]",dependency_pin_update,2
266,sympy__sympy-18189,sympy/sympy,False,eligible_not_selected_by_locked_quota,DATA_CONTRACT,data_schema,"[""sympy/solvers/diophantine.py""]",schema_synchronization,3
267,sympy__sympy-18199,sympy/sympy,False,outside_locked_route_contracts,DEPENDENCY_VERSION,runtime,"[""sympy/ntheory/residue_ntheory.py""]",dependency_pin_update,2
268,sympy__sympy-18532,sympy/sympy,False,outside_locked_route_contracts,,runtime,"[""sympy/core/basic.py""]",,1
269,sympy__sympy-18621,sympy/sympy,False,eligible_not_selected_by_locked_quota,ARTIFACT_PROVENANCE,dependencies,"[""sympy/matrices/expressions/blockmatrix.py""]",artifact_regeneration,10
270,sympy__sympy-18698,sympy/sympy,False,outside_locked_route_contracts,,runtime,"[""sympy/polys/polytools.py""]",,1
271,sympy__sympy-18835,sympy/sympy,False,eligible_not_selected_by_locked_quota,PIPELINE_CONFIGURATION,runtime,"[""sympy/utilities/iterables.py""]",configuration_correction,3
272,sympy__sympy-19007,sympy/sympy,False,eligible_not_selected_by_locked_quota,MODEL_EXPLAINER_VERSION,data_schema,"[""sympy/matrices/expressions/blockmatrix.py""]",model_explainer_version_alignment,3
273,sympy__sympy-19254,sympy/sympy,False,outside_locked_route_contracts,,runtime,"[""sympy/polys/factortools.py""]",,1
274,sympy__sympy-19487,sympy/sympy,False,outside_locked_route_contracts,,runtime,"[""sympy/functions/elementary/complexes.py""]",,1
275,sympy__sympy-20049,sympy/sympy,False,outside_locked_route_contracts,,runtime,"[""sympy/physics/vector/point.py""]",,1
276,sympy__sympy-20154,sympy/sympy,False,outside_locked_route_contracts,,runtime,"[""sympy/utilities/iterables.py""]",,1
277,sympy__sympy-20212,sympy/sympy,False,outside_locked_route_contracts,,runtime,"[""sympy/core/power.py""]",,1
278,sympy__sympy-20322,sympy/sympy,False,eligible_not_selected_by_locked_quota,ARTIFACT_PROVENANCE,artifact,"[""sympy/core/mul.py""]",artifact_regeneration,3
279,sympy__sympy-20442,sympy/sympy,False,eligible_not_selected_by_locked_quota,DATA_CONTRACT,data_schema,"[""sympy/physics/units/util.py""]",schema_synchronization,6
280,sympy__sympy-20590,sympy/sympy,False,outside_locked_route_contracts,DEPENDENCY_VERSION,runtime,"[""sympy/core/_print_helpers.py""]",dependency_pin_update,2
281,sympy__sympy-20639,sympy/sympy,False,eligible_not_selected_by_locked_quota,PIPELINE_CONFIGURATION,configuration,"[""sympy/printing/pretty/pretty.py""]",configuration_correction,4
282,sympy__sympy-21055,sympy/sympy,False,outside_locked_route_contracts,EXPLAINER_CONFIGURATION,explainer,"[""sympy/assumptions/refine.py""]",configuration_correction,2
283,sympy__sympy-21171,sympy/sympy,False,eligible_not_selected_by_locked_quota,PIPELINE_CONFIGURATION,dependencies,"[""sympy/printing/latex.py""]",configuration_correction,6
284,sympy__sympy-21379,sympy/sympy,False,eligible_not_selected_by_locked_quota,ARTIFACT_PROVENANCE,runtime,"[""sympy/core/mod.py""]",artifact_regeneration,6
285,sympy__sympy-21612,sympy/sympy,False,outside_locked_route_contracts,,runtime,"[""sympy/printing/str.py""]",,1
286,sympy__sympy-21614,sympy/sympy,False,outside_locked_route_contracts,,runtime,"[""sympy/core/function.py""]",,1
287,sympy__sympy-21627,sympy/sympy,False,outside_locked_route_contracts,,runtime,"[""sympy/functions/elementary/complexes.py""]",,1
288,sympy__sympy-21847,sympy/sympy,False,outside_locked_route_contracts,PIPELINE_CONFIGURATION,configuration,"[""sympy/polys/monomials.py""]",configuration_correction,2
289,sympy__sympy-22005,sympy/sympy,False,eligible_not_selected_by_locked_quota,DATA_CONTRACT,runtime,"[""sympy/solvers/polysys.py""]",schema_synchronization,5
290,sympy__sympy-22714,sympy/sympy,False,eligible_not_selected_by_locked_quota,ARTIFACT_PROVENANCE,runtime,"[""sympy/geometry/point.py""]",artifact_regeneration,9
291,sympy__sympy-22840,sympy/sympy,False,eligible_not_selected_by_locked_quota,DATA_CONTRACT,data_schema,"[""sympy/simplify/cse_main.py""]",schema_synchronization,3
292,sympy__sympy-23117,sympy/sympy,True,accepted_for_h10_c5,DATA_CONTRACT,data_schema,"[""sympy/tensor/array/ndim_array.py""]",schema_synchronization,56
293,sympy__sympy-23191,sympy/sympy,False,eligible_not_selected_by_locked_quota,DATA_CONTRACT,data_schema,"[""sympy/printing/pretty/pretty.py""]",schema_synchronization,6
294,sympy__sympy-23262,sympy/sympy,False,outside_locked_route_contracts,,runtime,"[""sympy/utilities/lambdify.py""]",,1
295,sympy__sympy-24066,sympy/sympy,True,accepted_for_h10_c5,DATA_CONTRACT,data_schema,"[""sympy/physics/units/unitsystem.py""]",schema_synchronization,17
296,sympy__sympy-24102,sympy/sympy,False,eligible_not_selected_by_locked_quota,ARTIFACT_PROVENANCE,runtime,"[""sympy/parsing/mathematica.py""]",artifact_regeneration,3
297,sympy__sympy-24152,sympy/sympy,False,outside_locked_route_contracts,,runtime,"[""sympy/physics/quantum/tensorproduct.py""]",,1
298,sympy__sympy-24213,sympy/sympy,False,eligible_not_selected_by_locked_quota,DATA_CONTRACT,data_schema,"[""sympy/physics/units/unitsystem.py""]",schema_synchronization,15
299,sympy__sympy-24909,sympy/sympy,False,outside_locked_route_contracts,DEPENDENCY_VERSION,dependencies,"[""sympy/physics/units/prefixes.py""]",dependency_pin_update,2
